property_id,predicted_price
0,409109.88
1,498857.2
2,1157066.2
3,2552666.2
4,501732.28
5,312123.5
6,575610.0
7,361843.28
8,320925.84
9,446374.12
10,505887.38
11,378114.38
12,318602.1
13,360603.12
14,324067.8
15,1640788.4
16,331386.1
17,731111.9
18,259291.88
19,366373.34
20,324736.7
21,5088352.5
22,599648.2
23,562695.5
24,400322.5
25,404246.44
26,265310.25
27,258966.17
28,381967.75
29,500268.34
30,427458.28
31,443673.2
32,365687.06
33,429291.78
34,427967.34
35,672875.6
36,714977.06
37,417305.4
38,316783.66
39,674390.44
40,393369.56
41,234379.75
42,338280.0
43,332762.44
44,237237.56
45,212781.62
46,288264.75
47,332667.88
48,302782.5
49,690827.06
50,349325.22
51,287087.25
52,545182.44
53,309323.78
54,366776.78
55,999767.5
56,391125.1
57,568083.1
58,445969.03
59,557001.9
60,468581.94
61,323086.5
62,247974.53
63,414573.94
64,395203.78
65,211714.48
66,366128.84
67,1252256.8
68,422209.2
69,877610.6
70,375569.22
71,312783.8
72,620571.7
73,506065.94
74,404252.6
75,1216025.1
76,637992.4
77,252764.14
78,389366.22
79,1358526.6
80,451958.12
81,354359.66
82,528301.06
83,283973.75
84,692893.6
85,436758.0
86,425106.06
87,518146.03
88,348690.84
89,373433.44
90,281502.78
91,395575.56
92,452335.0
93,745499.06
94,381346.1
95,415929.1
96,293139.56
97,343220.72
98,638148.1
99,410137.28
100,211377.16
101,698209.5
102,842974.7
103,387593.84
104,828540.6
105,348101.4
106,439389.2
107,406766.3
108,654888.25
109,1798335.0
110,419822.6
111,242168.75
112,489691.03
113,549679.5
114,478756.25
115,280434.72
116,313735.62
117,226782.45
118,315499.28
119,382662.7
120,375180.44
121,259088.2
122,271977.75
123,244568.6
124,451049.6
125,688720.75
126,241681.0
127,610225.0
128,291830.25
129,322274.1
130,420640.16
131,376340.06
132,385412.47
133,597022.2
134,355921.7
135,374371.25
136,307825.3
137,330646.75
138,838030.6
139,540593.2
140,416220.34
141,632965.9
142,608558.25
143,366644.6
144,262748.47
145,375648.03
146,469442.53
147,227017.88
148,459343.47
149,448547.9
150,533209.9
151,613689.3
152,460731.6
153,712610.9
154,661228.0
155,558138.75
156,456748.72
157,542230.0
158,581863.3
159,341449.25
160,544219.3
161,314786.97
162,281928.34
163,277179.2
164,353366.12
165,345522.9
166,240226.88
167,278707.03
168,410315.7
169,398271.5
170,484748.12
171,343449.9
172,376561.22
173,456833.25
174,339226.6
175,358439.66
176,274505.4
177,531995.9
178,242265.77
179,202249.11
180,285974.53
181,391179.56
182,434735.88
183,506918.0
184,549584.1
185,442652.94
186,268430.47
187,426929.47
188,342147.47
189,364673.62
190,327198.12
191,530171.56
192,940271.8
193,825142.0
194,265596.8
195,438510.9
196,373964.47
197,1373523.6
198,381330.1
199,294831.28
200,327736.53
201,344572.6
202,439622.22
203,792020.7
204,1116183.2
205,279107.6
206,423244.44
207,281792.34
208,477710.9
209,719792.1
210,339334.66
211,321240.62
212,383551.25
213,354677.47
214,396744.53
215,598172.25
216,490411.7
217,296892.72
218,453110.44
219,368399.88
220,1415171.1
221,429945.7
222,389890.9
223,351845.5
224,387716.56
225,544939.1
226,361838.47
227,670918.7
228,640071.75
229,428271.94
230,334900.56
231,317679.75
232,579523.0
233,235260.75
234,320692.7
235,360808.84
236,242915.4
237,276529.12
238,2261506.5
239,348861.8
240,306796.03
241,385346.3
242,421776.16
243,331618.78
244,395072.66
245,296864.4
246,426503.8
247,453758.22
248,540257.2
249,616848.44
250,464964.66
251,398668.25
252,567996.44
253,385511.72
254,471294.25
255,410557.56
256,387799.4
257,376135.56
258,685823.75
259,337319.34
260,2604527.8
261,450069.9
262,633562.56
263,979846.94
264,461166.8
265,572757.1
266,789018.7
267,320460.97
268,537725.1
269,386984.4
270,396933.0
271,363858.62
272,265355.28
273,340388.7
274,329132.22
275,3967592.5
276,276140.16
277,371956.97
278,407212.66
279,382365.03
280,311968.16
281,529380.4
282,302854.7
283,346525.44
284,465570.78
285,355567.5
286,334539.22
287,425286.94
288,356133.56
289,302943.66
290,485220.84
291,391371.34
292,209565.86
293,304029.03
294,542638.6
295,675467.94
296,394802.97
297,365931.97
298,341868.9
299,450840.6
300,395888.06
301,374556.25
302,293423.2
303,442882.66
304,314580.5
305,648563.56
306,389379.6
307,372822.1
308,295720.03
309,328636.66
310,326263.34
311,334693.7
312,682226.75
313,1067302.2
314,673720.6
315,375214.78
316,827070.6
317,337294.28
318,617591.3
319,290571.66
320,353409.94
321,401252.8
322,265480.3
323,237940.88
324,364732.75
325,383765.66
326,539386.1
327,271439.3
328,355051.1
329,242747.28
330,570147.75
331,288031.2
332,381568.72
333,287895.5
334,280459.3
335,373327.3
336,459545.03
337,374747.75
338,956451.6
339,202564.52
340,1283494.5
341,464961.12
342,355187.22
343,429730.88
344,521293.34
345,704538.44
346,343524.6
347,386830.9
348,372411.3
349,718872.9
350,259291.88
351,354127.22
352,396788.4
353,522315.5
354,295216.2
355,778760.56
356,440274.22
357,850216.8
358,708036.94
359,390251.75
360,348795.28
361,633719.7
362,261650.72
363,499041.8
364,528858.56
365,304623.4
366,488804.53
367,378531.44
368,1049047.1
369,295133.44
370,467753.28
371,522361.3
372,553837.5
373,292478.3
374,469500.72
375,286072.2
376,269880.25
377,461932.7
378,320371.12
379,366248.97
380,344217.88
381,522558.62
382,509513.9
383,349175.34
384,312510.7
385,388527.2
386,310231.94
387,389933.28
388,296513.0
389,385558.78
390,484282.38
391,457023.22
392,364759.2
393,314657.3
394,661104.4
395,309979.94
396,323790.4
397,1032227.8
398,608572.2
399,384392.0
400,360493.1
401,386006.9
402,569762.94
403,334082.66
404,298133.78
405,381250.1
406,454302.06
407,396789.16
408,388806.66
409,369232.06
410,352054.97
411,419599.25
412,402264.34
413,401377.6
414,252225.23
415,331617.5
416,372267.16
417,348803.25
418,827045.4
419,398080.12
420,353042.1
421,533171.2
422,324695.2
423,586824.1
424,350727.9
425,408861.03
426,328492.53
427,454705.16
428,519845.7
429,269254.5
430,555937.3
431,469333.3
432,608723.1
433,325155.03
434,417183.62
435,497357.03
436,425658.6
437,291043.7
438,365072.4
439,287020.44
440,602222.5
441,314938.3
442,369579.44
443,210852.08
444,408201.03
445,348135.94
446,483539.38
447,1293825.1
448,416173.5
449,814757.6
450,473994.25
451,182972.38
452,410578.72
453,411305.3
454,357182.53
455,573315.6
456,370593.78
457,658047.4
458,336263.94
459,284604.94
460,396311.16
461,545357.1
462,656633.06
463,393384.56
464,808209.0
465,383103.78
466,377486.0
467,468699.94
468,597856.3
469,277483.34
470,475520.97
471,348140.6
472,405260.84
473,695746.2
474,377710.72
475,418547.34
476,341391.28
477,392739.8
478,329969.5
479,408749.53
480,259176.67
481,242707.45
482,292964.06
483,405841.75
484,325913.16
485,431251.56
486,568855.1
487,288642.2
488,580144.5
489,426036.3
490,727474.4
491,262785.03
492,364446.94
493,536899.06
494,1921242.1
495,423507.72
496,667992.06
497,319861.9
498,363616.5
499,327027.16
500,504685.6
501,420444.44
502,312178.84
503,445755.6
504,328154.38
505,496268.25
506,667296.75
507,841369.94
508,247352.88
509,476194.44
510,740334.1
511,397389.03
512,690821.8
513,537687.1
514,377976.66
515,636470.6
516,619788.56
517,192658.23
518,313240.53
519,259367.06
520,360586.62
521,394268.7
522,314398.75
523,379438.62
524,449657.2
525,309490.2
526,377956.47
527,333146.62
528,755809.06
529,330564.78
530,420260.03
531,428518.7
532,1673204.4
533,376253.94
534,233638.83
535,224626.1
536,379530.56
537,1101222.0
538,405413.16
539,712681.56
540,454447.66
541,421628.16
542,725405.7
543,307048.9
544,1073193.6
545,534840.56
546,437929.2
547,674192.4
548,379821.7
549,230542.33
550,655934.6
551,301710.22
552,539858.5
553,1181849.1
554,309134.44
555,409995.72
556,386970.38
557,321337.44
558,234256.84
559,716786.3
560,396033.06
561,285458.47
562,399905.03
563,395200.0
564,236402.83
565,450942.06
566,271394.78
567,401041.66
568,331017.78
569,513647.22
570,397123.06
571,454418.2
572,619005.3
573,293635.94
574,295175.1
575,265536.03
576,326853.8
577,320099.9
578,387616.0
579,485005.25
580,467114.03
581,626187.3
582,565948.25
583,381239.2
584,360036.84
585,413875.5
586,320893.38
587,393694.56
588,356981.62
589,297034.9
590,375053.1
591,569822.7
592,364874.7
593,329220.12
594,404615.94
595,349569.84
596,805379.06
597,965099.3
598,678728.9
599,296949.94
600,393032.06
601,335213.72
602,466026.56
603,193692.86
604,304077.75
605,301901.34
606,344229.03
607,325958.56
608,229196.31
609,341686.38
610,588135.1
611,265818.78
612,335805.66
613,375713.94
614,378961.28
615,323565.06
616,303456.62
617,255860.27
618,439472.16
619,396758.12
620,845786.6
621,411161.78
622,1983026.8
623,532987.2
624,704783.06
625,553945.3
626,377460.8
627,445211.78
628,929732.1
629,556226.9
630,371686.06
631,314274.06
632,576479.1
633,463279.16
634,437820.6
635,393152.03
636,407659.5
637,407676.6
638,293181.5
639,561350.2
640,385541.12
641,725277.06
642,474580.44
643,454289.06
644,370838.44
645,468850.16
646,414820.72
647,535326.4
648,427904.5
649,246212.83
650,623790.06
651,354331.25
652,496468.97
653,261115.28
654,1465886.4
655,570190.2
656,420474.1
657,410489.47
658,448188.72
659,461753.0
660,265343.12
661,337401.72
662,351557.72
663,886114.8
664,427089.1
665,462936.44
666,1896748.6
667,503919.94
668,329110.25
669,410669.56
670,1270803.2
671,429363.84
672,759560.7
673,758929.3
674,309768.38
675,461487.1
676,506668.6
677,415216.5
678,341396.5
679,512591.2
680,339396.78
681,294630.6
682,407807.25
683,249518.86
684,337601.28
685,390283.0
686,492880.75
687,396080.66
688,501659.56
689,353211.8
690,318602.1
691,255964.23
692,450722.78
693,687818.9
694,559585.25
695,315163.06
696,354984.03
697,373932.38
698,206365.03
699,617540.7
700,349178.0
701,233907.7
702,301692.4
703,446641.53
704,435493.6
705,448792.66
706,932525.8
707,1147678.6
708,1053609.1
709,292118.72
710,464809.5
711,302887.06
712,451397.28
713,346287.6
714,317363.62
715,228707.66
716,523457.44
717,388823.72
718,7284642.5
719,351669.06
720,272491.28
721,468539.94
722,462770.47
723,365131.6
724,504592.22
725,241020.88
726,673394.3
727,396062.53
728,362297.0
729,393951.47
730,283627.3
731,321709.06
732,872564.94
733,1123295.2
734,371959.12
735,288785.9
736,320143.88
737,756039.75
738,648880.3
739,403908.1
740,289605.6
741,274458.8
742,273947.3
743,806189.06
744,228537.16
745,239905.44
746,222084.08
747,369846.0
748,378351.72
749,642907.9
750,575731.9
751,247337.31
752,391897.22
753,528455.25
754,378123.03
755,491929.38
756,600825.06
757,356095.5
758,654055.6
759,377831.75
760,290639.84
761,390994.56
762,438763.6
763,360795.75
764,391037.06
765,740543.1
766,432749.53
767,630288.94
768,495751.7
769,674815.06
770,253660.53
771,590219.75
772,391530.38
773,606809.25
774,538559.56
775,249734.06
776,241093.06
777,420986.88
778,324809.16
779,562931.7
780,368691.6
781,391217.62
782,373271.1
783,340512.72
784,247038.86
785,240988.7
786,253917.58
787,469427.3
788,285237.5
789,324549.06
790,412366.53
791,333566.28
792,386512.3
793,274487.6
794,311643.44
795,336078.62
796,339554.78
797,876760.7
798,511981.47
799,326432.03
800,350002.84
801,625145.5
802,531304.3
803,295375.03
804,405014.34
805,359839.1
806,292404.7
807,624018.5
808,371990.34
809,469739.88
810,434182.34
811,611628.0
812,539700.0
813,797923.56
814,493111.16
815,750999.4
816,446375.8
817,1089996.2
818,488342.3
819,728934.1
820,375042.34
821,380688.4
822,352485.66
823,357363.78
824,263694.84
825,761972.3
826,408618.56
827,381557.1
828,281169.53
829,248706.83
830,369031.4
831,630690.6
832,548213.7
833,395586.16
834,408981.16
835,332305.75
836,281833.72
837,548837.25
838,232395.5
839,531724.0
840,428659.28
841,287028.66
842,274203.47
843,367606.0
844,390140.84
845,358588.03
846,792211.06
847,331340.56
848,353418.03
849,408798.66
850,259635.83
851,492553.72
852,1012411.4
853,567717.0
854,429993.25
855,353132.34
856,700589.4
857,430275.47
858,517188.25
859,1242357.6
860,461057.75
861,356341.47
862,715346.75
863,652345.06
864,357275.88
865,313290.72
866,359554.38
867,239855.11
868,475615.3
869,402672.72
870,390598.03
871,329965.72
872,260820.61
873,304381.22
874,196811.02
875,320845.03
876,326224.75
877,246776.08
878,272248.16
879,267956.28
880,657129.25
881,388670.25
882,366031.78
883,458381.62
884,297883.66
885,189835.47
886,329440.0
887,294469.94
888,505971.34
889,254855.95
890,387437.12
891,1133831.9
892,497973.06
893,411814.78
894,449106.06
895,299904.1
896,829707.7
897,526620.94
898,678552.9
899,286944.38
900,478058.2
901,575792.3
902,400660.12
903,213996.73
904,741265.25
905,321148.72
906,557854.56
907,406822.94
908,609951.56
909,530935.56
910,372993.53
911,415416.9
912,420106.94
913,408585.84
914,832375.4
915,319399.2
916,649361.94
917,400064.5
918,349622.53
919,259201.39
920,383978.72
921,462737.8
922,374853.56
923,412464.1
924,243682.03
925,263859.84
926,328617.25
927,466794.28
928,575688.0
929,271919.16
930,366901.3
931,369206.72
932,538021.56
933,657555.5
934,454425.97
935,364914.38
936,697434.9
937,688038.0
938,962009.94
939,360818.47
940,2595190.2
941,313598.03
942,271351.3
943,395966.6
944,228058.61
945,304315.62
946,498946.62
947,549503.44
948,839987.75
949,246781.73
950,298964.6
951,434244.44
952,1715188.1
953,473913.78
954,333989.66
955,626334.2
956,593621.44
957,420933.1
958,695617.44
959,845509.25
960,368622.7
961,205896.19
962,349158.7
963,523715.1
964,524151.78
965,231405.81
966,293447.25
967,491219.6
968,358793.97
969,547052.2
970,372500.8
971,596353.0
972,344431.97
973,244412.84
974,335870.34
975,257597.14
976,361830.88
977,291841.38
978,340236.8
979,700761.75
980,527153.56
981,299517.66
982,393008.06
983,521952.97
984,213564.72
985,459578.34
986,278644.84
987,506369.1
988,527632.4
989,407505.56
990,254297.06
991,485057.06
992,309814.44
993,984855.3
994,359835.7
995,408419.1
996,325757.8
997,387490.34
998,303191.1
999,272911.56
1000,440113.03
1001,330684.6
1002,378844.94
1003,257913.25
1004,312088.97
1005,219595.95
1006,372444.7
1007,367838.16
1008,358201.12
1009,847013.56
1010,426402.94
1011,360036.16
1012,308776.75
1013,368892.78
1014,394281.47
1015,810122.75
1016,336706.12
1017,404742.5
1018,397793.97
1019,381749.25
1020,1997909.1
1021,244370.42
1022,281983.2
1023,463508.97
1024,816939.3
1025,230291.83
1026,625709.75
1027,421953.16
1028,325537.9
1029,555657.44
1030,496202.94
1031,608340.06
1032,271898.9
1033,236590.25
1034,319778.94
1035,316432.78
1036,299851.47
1037,337082.7
1038,337029.3
1039,369946.16
1040,354157.62
1041,391454.97
1042,412778.1
1043,355914.22
1044,395504.66
1045,628307.25
1046,280996.38
1047,203573.11
1048,298572.53
1049,645008.2
1050,391454.22
1051,529728.8
1052,183555.78
1053,336065.16
1054,1423435.9
1055,574888.06
1056,344815.84
1057,489184.12
1058,370444.7
1059,342210.12
1060,391967.5
1061,451479.97
1062,318351.84
1063,1838819.6
1064,389778.62
1065,425484.9
1066,440431.28
1067,285306.06
1068,328230.1
1069,301753.4
1070,570788.6
1071,354370.47
1072,586141.75
1073,300132.97
1074,451622.06
1075,382176.2
1076,370427.72
1077,236598.6
1078,706919.6
1079,355558.66
1080,398145.44
1081,282561.97
1082,466155.47
1083,393905.62
1084,296247.88
1085,371249.62
1086,475850.3
1087,472356.2
1088,480774.0
1089,773511.25
1090,408048.47
1091,1487577.0
1092,330538.3
1093,232465.31
1094,316950.47
1095,375399.47
1096,571371.4
1097,594064.25
1098,316176.38
1099,371396.22
1100,238554.81
1101,311634.5
1102,420566.34
1103,812081.4
1104,513893.2
1105,276619.34
1106,540554.0
1107,357048.34
1108,319482.03
1109,375306.4
1110,398501.0
1111,345676.5
1112,348343.2
1113,574548.25
1114,250841.12
1115,317390.88
1116,4788140.0
1117,826648.0
1118,309959.84
1119,409132.5
1120,456228.06
1121,421947.53
1122,271560.47
1123,404073.75
1124,303907.84
1125,213901.86
1126,426916.44
1127,443630.88
1128,293060.75
1129,288357.16
1130,599937.6
1131,663047.9
1132,301215.72
1133,646842.7
1134,489901.25
1135,400012.6
1136,546162.8
1137,264354.53
1138,215695.1
1139,261059.5
1140,369234.2
1141,673119.5
1142,272738.28
1143,525346.8
1144,330482.2
1145,330719.9
1146,627326.56
1147,359616.12
1148,1114757.8
1149,710153.6
1150,452600.8
1151,778708.56
1152,360372.78
1153,285276.12
1154,348082.8
1155,1161260.4
1156,293241.34
1157,290379.97
1158,409546.3
1159,408303.8
1160,305167.75
1161,599476.6
1162,371996.72
1163,398692.56
1164,267318.7
1165,404228.7
1166,304185.62
1167,356225.25
1168,293809.03
1169,851393.3
1170,523038.25
1171,368806.25
1172,355442.03
1173,447012.28
1174,392595.25
1175,448575.28
1176,359794.5
1177,334914.62
1178,529453.06
1179,243849.88
1180,355475.94
1181,828638.56
1182,342942.6
1183,379797.78
1184,987565.9
1185,364212.06
1186,419899.47
1187,2582638.0
1188,359839.78
1189,450031.28
1190,399591.7
1191,430594.84
1192,736197.06
1193,538096.5
1194,376339.34
1195,389534.84
1196,367979.9
1197,373171.4
1198,398510.1
1199,292243.56
1200,827913.44
1201,356596.44
1202,515875.97
1203,802407.56
1204,637143.56
1205,310798.12
1206,275089.28
1207,599707.6
1208,504664.4
1209,450011.53
1210,1239013.9
1211,305444.94
1212,411594.9
1213,388593.88
1214,616468.56
1215,437259.78
1216,431279.53
1217,880400.44
1218,281572.6
1219,466074.56
1220,272174.97
1221,419154.5
1222,402133.16
1223,270565.22
1224,385202.28
1225,329796.47
1226,435859.22
1227,324258.88
1228,412140.88
1229,271364.75
1230,361137.94
1231,416252.1
1232,901565.7
1233,410246.03
1234,326042.5
1235,278353.22
1236,432655.44
1237,609781.75
1238,336673.38
1239,391795.6
1240,469050.5
1241,325473.34
1242,309694.5
1243,415006.7
1244,618501.4
1245,960515.6
1246,552238.4
1247,319775.88
1248,457392.1
1249,483222.22
1250,564048.4
1251,619582.94
1252,467784.5
1253,380327.7
1254,321582.7
1255,372768.06
1256,285809.88
1257,304647.8
1258,443082.06
1259,447704.28
1260,442393.8
1261,387038.28
1262,619744.8
1263,394786.4
1264,269880.25
1265,372622.34
1266,322994.1
1267,262303.3
1268,472055.38
1269,266203.9
1270,317186.9
1271,449202.0
1272,555135.2
1273,544511.06
1274,337837.7
1275,556259.75
1276,320373.56
1277,590648.8
1278,650306.44
1279,433590.62
1280,456404.75
1281,349349.88
1282,793346.6
1283,834034.56
1284,254856.44
1285,361348.1
1286,357070.12
1287,310631.0
1288,509371.06
1289,606472.5
1290,606825.44
1291,283481.84
1292,487454.53
1293,712237.2
1294,257183.28
1295,368498.97
1296,376531.78
1297,441950.22
1298,252796.45
1299,296287.44
1300,337279.47
1301,494110.06
1302,571375.75
1303,289867.53
1304,482121.12
1305,517017.62
1306,445266.12
1307,380363.22
1308,252682.2
1309,843447.5
1310,256528.27
1311,209511.7
1312,363639.4
1313,521982.84
1314,318790.53
1315,355110.7
1316,312755.78
1317,497214.75
1318,306466.16
1319,306873.28
1320,365005.56
1321,304407.94
1322,351478.62
1323,287258.16
1324,365000.0
1325,686753.1
1326,355055.8
1327,1889707.0
1328,832224.56
1329,550608.2
1330,421160.38
1331,368619.16
1332,424061.4
1333,372382.2
1334,403193.03
1335,286001.28
1336,552440.7
1337,336308.2
1338,266171.9
1339,720145.06
1340,369127.84
1341,262217.78
1342,280128.4
1343,485579.12
1344,379000.3
1345,381913.12
1346,661510.56
1347,512016.62
1348,401578.97
1349,683172.1
1350,410668.0
1351,313678.78
1352,279694.34
1353,432899.78
1354,301370.9
1355,240304.33
1356,359487.88
1357,1047589.5
1358,886892.6
1359,620521.94
1360,337179.78
1361,398072.53
1362,315166.06
1363,304907.1
1364,331121.34
1365,709866.5
1366,409930.03
1367,337626.4
1368,308144.28
1369,363053.78
1370,410003.53
1371,383761.28
1372,387392.06
1373,629038.75
1374,326893.1
1375,396604.53
1376,327489.06
1377,404025.97
1378,542110.0
1379,292803.72
1380,384927.6
1381,265000.22
1382,396936.78
1383,353284.6
1384,318061.12
1385,686067.06
1386,531246.56
1387,670867.5
1388,338371.66
1389,379425.62
1390,303577.06
1391,351516.16
1392,553828.0
1393,396565.97
1394,418934.7
1395,534660.06
1396,528331.3
1397,371655.6
1398,357915.66
1399,717889.06
1400,304093.97
1401,622596.6
1402,581695.75
1403,354590.2
1404,1063682.9
1405,376996.72
1406,398599.8
1407,290169.56
1408,333048.16
1409,451262.12
1410,357168.9
1411,374249.88
1412,270362.5
1413,429975.2
1414,429993.25
1415,367655.1
1416,315663.6
1417,433112.03
1418,552629.3
1419,537285.3
1420,320167.7
1421,431525.53
1422,653625.4
1423,486068.4
1424,217951.88
1425,273368.47
1426,266145.0
1427,175061.6
1428,568952.8
1429,394282.97
1430,493342.56
1431,209525.1
1432,334395.03
1433,639597.0
1434,344581.12
1435,346118.53
1436,742116.9
1437,328731.97
1438,194018.61
1439,366224.53
1440,391679.78
1441,525142.44
1442,282812.16
1443,396929.97
1444,305010.03
1445,268288.7
1446,281435.12
1447,321874.2
1448,410543.47
1449,407539.78
1450,337908.56
1451,365805.66
1452,395971.88
1453,198342.16
1454,332378.03
1455,270374.34
1456,342439.3
1457,1207724.8
1458,1110540.9
1459,326924.88
1460,623751.94
1461,296479.06
1462,490924.56
1463,372839.88
1464,581067.0
1465,247610.14
1466,300431.38
1467,685683.75
1468,1378073.9
1469,389400.4
1470,280702.28
1471,391178.8
1472,424551.84
1473,302809.66
1474,343429.6
1475,406934.7
1476,331657.34
1477,314781.6
1478,329953.12
1479,328652.34
1480,359502.28
1481,412512.88
1482,319341.9
1483,379351.8
1484,511988.3
1485,653541.9
1486,409912.8
1487,901221.8
1488,919026.6
1489,345628.38
1490,383396.94
1491,496476.53
1492,340998.22
1493,431783.25
1494,455301.38
1495,319152.53
1496,340076.53
1497,322067.62
1498,355860.6
1499,449167.72
1500,273554.16
1501,389261.53
1502,536516.2
1503,623285.75
1504,978039.5
1505,481185.0
1506,399063.1
1507,371976.12
1508,438295.2
1509,345588.84
1510,263338.47
1511,370422.78
1512,417108.84
1513,239393.03
1514,450716.78
1515,403343.78
1516,383967.0
1517,337759.1
1518,258818.03
1519,670871.4
1520,601023.4
1521,677279.2
1522,443704.5
1523,522766.97
1524,587097.3
1525,205420.77
1526,957028.3
1527,731854.1
1528,365460.47
1529,279581.8
1530,384509.34
1531,362075.94
1532,540382.9
1533,407890.5
1534,491024.75
1535,479480.94
1536,654254.06
1537,393691.56
1538,553188.25
1539,244863.58
1540,409600.22
1541,386754.2
1542,401327.06
1543,310358.56
1544,712586.44
1545,245783.98
1546,248541.8
1547,403778.7
1548,345552.56
1549,214569.97
1550,312956.88
1551,2038052.8
1552,699123.7
1553,242748.66
1554,275537.75
1555,263240.56
1556,564855.8
1557,349608.53
1558,290623.2
1559,335939.56
1560,322591.44
1561,560855.75
1562,369379.28
1563,1007749.06
1564,386898.8
1565,824199.8
1566,441902.16
1567,293778.78
1568,476593.3
1569,316568.62
1570,471348.2
1571,274151.7
1572,454481.47
1573,411266.1
1574,409010.0
1575,517105.4
1576,547927.25
1577,523429.47
1578,521360.97
1579,494380.62
1580,356297.28
1581,215521.14
1582,306951.12
1583,418598.44
1584,365682.2
1585,448465.78
1586,706380.5
1587,681347.7
1588,322659.72
1589,485422.62
1590,226247.14
1591,312956.28
1592,225162.5
1593,374099.28
1594,734584.0
1595,270759.84
1596,513654.06
1597,584155.1
1598,420351.4
1599,882673.7
1600,723145.7
1601,378333.7
1602,835183.9
1603,301279.5
1604,441063.47
1605,510651.22
1606,630218.06
1607,187096.52
1608,480474.25
1609,392659.66
1610,306186.3
1611,764145.25
1612,359786.25
1613,572000.56
1614,280008.2
1615,511910.2
1616,316075.7
1617,408738.62
1618,370246.2
1619,545869.1
1620,379468.3
1621,588203.56
1622,239139.3
1623,508744.78
1624,284368.34
1625,272302.16
1626,855027.25
1627,947989.94
1628,304541.5
1629,282774.94
1630,486078.6
1631,393771.16
1632,264904.2
1633,427719.25
1634,283356.97
1635,329463.88
1636,629393.94
1637,352567.0
1638,505388.78
1639,1209199.9
1640,247342.03
1641,414206.4
1642,560439.75
1643,373429.88
1644,652184.56
1645,331163.66
1646,313469.44
1647,453220.2
1648,271795.72
1649,328988.5
1650,317829.47
1651,344591.66
1652,156232.12
1653,314177.56
1654,714455.0
1655,691059.06
1656,342453.66
1657,289396.3
1658,325395.75
1659,683409.3
1660,569043.94
1661,553923.1
1662,450885.3
1663,436315.03
1664,429745.62
1665,625076.3
1666,623658.0
1667,549316.9
1668,342673.88
1669,813430.0
1670,354953.56
1671,393741.88
1672,273327.28
1673,411895.7
1674,295113.72
1675,484171.53
1676,395977.2
1677,301840.88
1678,479950.3
1679,464378.84
1680,673836.3
1681,243715.48
1682,328642.94
1683,301884.06
1684,468465.78
1685,330962.22
1686,515937.97
1687,450667.78
1688,310562.28
1689,408068.7
1690,515182.75
1691,464270.78
1692,408737.06
1693,481974.03
1694,467937.1
1695,602064.0
1696,420446.03
1697,495452.97
1698,699279.7
1699,361537.7
1700,218114.48
1701,1111515.8
1702,335978.0
1703,422110.12
1704,338942.0
1705,421768.9
1706,208520.81
1707,451771.97
1708,541881.56
1709,1090019.1
1710,411053.56
1711,275365.4
1712,376721.44
1713,364608.94
1714,362545.2
1715,735512.1
1716,774565.3
1717,509179.7
1718,302747.84
1719,358397.94
1720,370607.22
1721,434132.66
1722,349129.4
1723,367070.03
1724,566748.7
1725,264964.84
1726,338573.72
1727,294513.75
1728,252450.0
1729,529926.9
1730,406226.66
1731,417953.8
1732,593160.75
1733,638577.94
1734,395598.97
1735,1117653.1
1736,458431.44
1737,558485.9
1738,304078.3
1739,537723.06
1740,570990.06
1741,647933.0
1742,293245.25
1743,695771.4
1744,562974.6
1745,396503.2
1746,597304.7
1747,421377.3
1748,893322.0
1749,432856.84
1750,303427.12
1751,470921.34
1752,374757.03
1753,357444.9
1754,2052157.8
1755,494121.38
1756,605707.25
1757,836883.75
1758,299078.06
1759,282043.44
1760,345284.44
1761,318979.72
1762,512887.53
1763,550724.75
1764,332940.2
1765,333576.47
1766,403139.2
1767,348238.88
1768,368899.1
1769,346193.16
1770,803591.44
1771,369180.66
1772,310891.22
1773,317378.75
1774,687765.06
1775,602119.1
1776,910444.44
1777,216850.53
1778,370246.88
1779,261863.9
1780,291087.53
1781,423543.25
1782,266180.03
1783,538905.9
1784,642869.9
1785,504217.97
1786,653497.0
1787,354580.06
1788,336167.75
1789,360332.25
1790,390283.0
1791,376846.47
1792,1557329.8
1793,359962.66
1794,409582.25
1795,408206.5
1796,322415.5
1797,401907.72
1798,248394.42
1799,293170.88
1800,306626.97
1801,337789.34
1802,272542.22
1803,254829.22
1804,513510.06
1805,361881.25
1806,401880.12
1807,650263.0
1808,359865.88
1809,416543.56
1810,556068.8
1811,1405018.1
1812,249388.48
1813,624194.7
1814,411565.84
1815,392161.94
1816,2009420.0
1817,830767.1
1818,446375.8
1819,712821.56
1820,460797.53
1821,334742.84
1822,346961.28
1823,440637.16
1824,501205.28
1825,577139.25
1826,461178.25
1827,319411.97
1828,366420.2
1829,399388.22
1830,334197.38
1831,271475.53
1832,606846.25
1833,339811.34
1834,356532.5
1835,549174.44
1836,296733.1
1837,311847.97
1838,421027.84
1839,739780.8
1840,407877.28
1841,423982.94
1842,447620.6
1843,396272.6
1844,846884.4
1845,578491.5
1846,518797.72
1847,261098.34
1848,306230.1
1849,525055.3
1850,325794.47
1851,324157.47
1852,448670.25
1853,252696.66
1854,521372.9
1855,438677.4
1856,534256.4
1857,627746.7
1858,753378.1
1859,435500.25
1860,337826.72
1861,259312.66
1862,264520.47
1863,505459.16
1864,997597.9
1865,337167.56
1866,443534.44
1867,349873.34
1868,235091.19
1869,349028.2
1870,312930.6
1871,324045.56
1872,516151.56
1873,514763.34
1874,299157.94
1875,375687.44
1876,298691.56
1877,271574.97
1878,256383.95
1879,353973.25
1880,320646.22
1881,367594.1
1882,360543.97
1883,307416.34
1884,346141.0
1885,491512.0
1886,507713.38
1887,277739.62
1888,306558.53
1889,320096.88
1890,289303.6
1891,662746.94
1892,217197.0
1893,326442.6
1894,352197.34
1895,437705.38
1896,332244.28
1897,379640.62
1898,446066.88
1899,340855.8
1900,270584.3
1901,762430.25
1902,825814.3
1903,392765.28
1904,278494.47
1905,1323514.9
1906,371665.5
1907,302660.66
1908,458491.78
1909,312017.53
1910,560892.1
1911,292543.03
1912,339059.7
1913,513830.44
1914,547923.06
1915,554140.8
1916,283051.75
1917,486896.06
1918,764727.06
1919,347820.0
1920,340145.3
1921,561745.4
1922,412456.22
1923,399606.16
1924,361180.66
1925,500936.72
1926,532671.1
1927,612539.75
1928,1111271.9
1929,379270.78
1930,365962.0
1931,435292.62
1932,399175.0
1933,233443.72
1934,449101.78
1935,383339.16
1936,585406.6
1937,383724.7
1938,382396.38
1939,468697.25
1940,363233.88
1941,499947.84
1942,687432.0
1943,428741.06
1944,325327.5
1945,394504.88
1946,392404.34
1947,327185.66
1948,993541.8
1949,308321.84
1950,272320.34
1951,468771.47
1952,607427.56
1953,453843.03
1954,310708.62
1955,338683.53
1956,376893.9
1957,315104.16
1958,321081.97
1959,408824.38
1960,163362.44
1961,650269.25
1962,479837.75
1963,643104.1
1964,703055.1
1965,236687.97
1966,349854.66
1967,260960.44
1968,541904.3
1969,470632.22
1970,353059.6
1971,786272.44
1972,365711.47
1973,390114.8
1974,519421.5
1975,383642.72
1976,313558.53
1977,238436.98
1978,321921.44
1979,4562587.5
1980,236630.64
1981,258134.23
1982,417026.9
1983,548979.6
1984,256519.45
1985,374278.44
1986,502476.4
1987,839207.9
1988,592297.0
1989,620659.25
1990,419157.7
1991,417945.84
1992,1415989.1
1993,401658.66
1994,301401.38
1995,413962.34
1996,375723.25
1997,998199.3
1998,375176.16
1999,573390.0
2000,435801.03
2001,295019.75
2002,379174.56
2003,367895.72
2004,347755.66
2005,782729.2
2006,457182.78
2007,260114.64
2008,322421.66
2009,318328.78
2010,271437.22
2011,440950.75
2012,312894.78
2013,453186.5
2014,1834122.4
2015,506499.5
2016,1371748.5
2017,473466.56
2018,380297.22
2019,402371.75
2020,747968.8
2021,403507.7
2022,359009.6
2023,598146.0
2024,312390.9
2025,686564.5
2026,436056.3
2027,483184.4
2028,373981.6
2029,359202.75
2030,373742.7
2031,314332.2
2032,353199.03
2033,386148.28
2034,687765.06
2035,269205.72
2036,470207.8
2037,454745.06
2038,333831.7
2039,406595.66
2040,385135.44
2041,530143.25
2042,244848.17
2043,265565.4
2044,312088.97
2045,410134.94
2046,261004.73
2047,337240.88
2048,404680.75
2049,402437.78
2050,378972.84
2051,790399.9
2052,488765.38
2053,348672.88
2054,644581.44
2055,859222.25
2056,246863.17
2057,610202.94
2058,814193.75
2059,410802.75
2060,395687.25
2061,347733.12
2062,518150.97
2063,213411.62
2064,340431.53
2065,316981.28
2066,308533.03
2067,393078.53
2068,361072.5
2069,357622.22
2070,227610.78
2071,548323.5
2072,803118.0
2073,541638.75
2074,824509.56
2075,620202.5
2076,579158.3
2077,485903.4
2078,282602.94
2079,371800.94
2080,468778.62
2081,275381.7
2082,288537.6
2083,627322.94
2084,362330.2
2085,331055.03
2086,315059.1
2087,354246.78
2088,314941.94
2089,320312.47
2090,413758.7
2091,491662.03
2092,427880.8
2093,589286.1
2094,1327000.6
2095,383519.06
2096,272245.56
2097,284785.22
2098,568921.3
2099,223566.06
2100,483808.75
2101,681850.8
2102,323426.84
2103,366900.62
2104,940112.2
2105,479621.78
2106,353249.56
2107,417854.16
2108,509314.72
2109,352976.78
2110,691598.4
2111,447323.56
2112,360541.22
2113,436070.44
2114,374727.03
2115,583270.0
2116,313822.4
2117,855903.44
2118,321685.16
2119,368202.47
2120,346090.8
2121,340472.44
2122,434870.22
2123,579434.56
2124,1007647.2
2125,332865.25
2126,402804.84
2127,480999.66
2128,693622.2
2129,306481.94
2130,332146.06
2131,422237.38
2132,330968.53
2133,452294.47
2134,328984.75
2135,355711.28
2136,562276.0
2137,332248.1
2138,388416.78
2139,505399.38
2140,909384.0
2141,940429.6
2142,1624093.2
2143,325611.8
2144,310071.03
2145,308994.16
2146,300102.66
2147,487171.03
2148,384978.25
2149,254244.2
2150,444158.34
2151,1082500.2
2152,472970.12
2153,438183.2
2154,523925.9
2155,372655.03
2156,449297.12
2157,198393.98
2158,1014866.75
2159,242970.08
2160,367645.28
2161,309373.34
2162,329398.5
2163,360538.47
2164,468382.7
2165,428549.75
2166,298717.78
2167,363454.25
2168,673273.56
2169,210622.16
2170,641829.7
2171,461929.2
2172,515534.66
2173,330595.03
2174,349005.56
2175,513071.47
2176,405937.75
2177,333152.34
2178,364875.38
2179,341325.53
2180,420807.06
2181,452360.03
2182,335389.6
2183,310127.8
2184,277352.62
2185,493743.6
2186,312756.38
2187,324944.88
2188,529072.5
2189,953169.94
2190,1180522.1
2191,376447.03
2192,287770.34
2193,350046.9
2194,401024.06
2195,298225.9
2196,468109.4
2197,593584.06
2198,591476.3
2199,384581.22
2200,317308.53
2201,839733.06
2202,452938.47
2203,468640.94
2204,449292.8
2205,1172106.2
2206,359718.34
2207,343599.3
2208,363907.22
2209,335803.75
2210,678356.1
2211,332780.2
2212,511405.66
2213,429744.0
2214,311219.3
2215,459413.56
2216,355878.25
2217,350067.6
2218,244569.98
2219,352874.47
2220,933185.9
2221,395481.28
2222,633314.9
2223,285121.1
2224,259638.3
2225,429427.72
2226,271244.2
2227,509061.22
2228,273359.6
2229,391729.84
2230,406770.94
2231,325179.22
2232,2693033.2
2233,389245.2
2234,340787.56
2235,391577.44
2236,318716.97
2237,474644.72
2238,761232.94
2239,447772.6
2240,476902.5
2241,477702.72
2242,343205.66
2243,569845.5
2244,386003.97
2245,307418.7
2246,731791.3
2247,310742.4
2248,399544.4
2249,448379.38
2250,549283.4
2251,259319.58
2252,710343.25
2253,341481.8
2254,322052.88
2255,454413.84
2256,494498.5
2257,277106.22
2258,556427.44
2259,263835.2
2260,980353.56
2261,534007.8
2262,314464.72
2263,707413.3
2264,468738.38
2265,261001.25
2266,1154738.0
2267,576833.25
2268,357389.7
2269,440054.28
2270,336577.72
2271,367313.03
2272,399027.3
2273,404709.3
2274,643560.6
2275,372699.1
2276,383942.1
2277,399970.66
2278,636821.56
2279,430702.44
2280,387988.06
2281,577641.4
2282,619032.44
2283,346479.84
2284,550892.9
2285,358785.75
2286,414727.34
2287,312174.1
2288,743271.44
2289,398431.8
2290,475141.1
2291,317458.06
2292,573224.9
2293,409555.7
2294,402768.75
2295,286930.12
2296,557021.0
2297,375483.25
2298,334695.6
2299,293408.62
2300,436942.16
2301,323592.22
2302,530612.6
2303,454458.9
2304,352495.72
2305,681781.9
2306,815997.1
2307,260285.88
2308,670228.0
2309,1025285.56
2310,297922.88
2311,284789.56
2312,402209.1
2313,363908.62
2314,320004.7
2315,360899.0
2316,568978.8
2317,465175.78
2318,351169.03
2319,443841.62
2320,333995.38
2321,391708.9
2322,777089.8
2323,365171.97
2324,1367292.2
2325,387121.72
2326,310822.44
2327,848703.5
2328,231918.38
2329,148050.9
2330,470341.47
2331,269498.56
2332,587583.5
2333,256408.4
2334,435202.16
2335,257681.66
2336,268484.75
2337,1006940.2
2338,645159.56
2339,464905.25
2340,389963.78
2341,280340.06
2342,688287.4
2343,284277.78
2344,563883.75
2345,463024.75
2346,219253.39
2347,349579.84
2348,816663.56
2349,345773.44
2350,385204.5
2351,380929.53
2352,315486.03
2353,314603.3
2354,334412.9
2355,392824.47
2356,551990.94
2357,456522.28
2358,355989.56
2359,399753.28
2360,376169.28
2361,547083.44
2362,309242.38
2363,860613.06
2364,412082.72
2365,609136.56
2366,497793.6
2367,584849.7
2368,260345.95
2369,530554.94
2370,286476.25
2371,343687.12
2372,424246.66
2373,2575038.5
2374,414290.16
2375,492073.88
2376,546251.4
2377,1114181.6
2378,377037.0
2379,282803.0
2380,312254.5
2381,385248.56
2382,549136.7
2383,3275701.0
2384,267389.56
2385,402019.66
2386,429400.7
2387,383038.75
2388,464905.25
2389,638799.6
2390,334836.06
2391,350031.53
2392,309658.47
2393,285652.38
2394,435207.12
2395,351507.44
2396,277072.94
2397,406360.72
2398,324271.25
2399,987741.06
2400,301220.9
2401,442831.12
2402,323028.6
2403,630088.25
2404,368664.88
2405,311503.78
2406,408673.12
2407,321254.72
2408,403347.62
2409,211686.62
2410,298852.84
2411,357170.28
2412,413430.53
2413,417018.97
2414,357197.53
2415,552556.56
2416,233492.27
2417,482850.9
2418,559588.44
2419,670442.8
2420,321666.75
2421,256071.19
2422,1025158.44
2423,496754.06
2424,327042.75
2425,213486.53
2426,820620.25
2427,396736.94
2428,305992.47
2429,710343.25
2430,501126.9
2431,397340.5
2432,393269.78
2433,335007.25
2434,205875.38
2435,403600.8
2436,316044.34
2437,342207.5
2438,588228.25
2439,481218.03
2440,555456.1
2441,759062.5
2442,441490.2
2443,356595.06
2444,444115.16
2445,1378236.9
2446,361971.7
2447,460171.28
2448,264214.4
2449,499579.9
2450,327967.28
2451,302273.56
2452,284551.72
2453,520621.66
2454,948480.06
2455,389742.94
2456,264822.34
2457,286811.4
2458,517607.7
2459,360994.7
2460,581574.8
2461,435816.84
2462,473912.88
2463,520049.97
2464,350614.2
2465,277199.25
2466,330512.44
2467,1093646.9
2468,293562.56
2469,308564.8
2470,305267.88
2471,330598.2
2472,463610.66
2473,373438.44
2474,344309.12
2475,337913.72
2476,354115.75
2477,383272.62
2478,747446.8
2479,282223.2
2480,298351.62
2481,378670.8
2482,523514.34
2483,302952.9
2484,437263.97
2485,761693.3
2486,461889.53
2487,310049.72
2488,478973.62
2489,428407.53
2490,1275494.8
2491,726521.75
2492,511151.12
2493,372545.6
2494,322992.25
2495,327696.53
2496,889521.94
2497,522031.62
2498,364192.62
2499,537015.8
2500,349471.84
2501,386956.38
2502,465807.06
2503,347605.12
2504,400594.4
2505,1832999.8
2506,413184.56
2507,361712.88
2508,286064.0
2509,276770.28
2510,545162.7
2511,432111.16
2512,283336.4
2513,281572.6
2514,359753.3
2515,547173.2
2516,367203.78
2517,668145.0
2518,542131.75
2519,393443.84
2520,685363.44
2521,697744.9
2522,348698.8
2523,573408.56
2524,327785.28
2525,462081.62
2526,390282.25
2527,357573.12
2528,335349.94
2529,484371.06
2530,333311.25
2531,723748.7
2532,367895.72
2533,350360.16
2534,548675.0
2535,395509.94
2536,295438.12
2537,651699.6
2538,3466415.5
2539,313758.38
2540,710442.2
2541,346602.78
2542,540921.2
2543,416399.8
2544,272529.75
2545,370974.28
2546,479235.9
2547,393110.78
2548,890273.9
2549,264228.0
2550,318207.97
2551,386806.56
2552,337672.12
2553,323556.44
2554,356642.7
2555,337486.7
2556,285932.56
2557,535207.94
2558,243446.48
2559,365483.47
2560,366572.56
2561,397867.6
2562,704273.75
2563,369970.88
2564,274196.66
2565,290430.34
2566,430258.22
2567,424681.4
2568,555206.1
2569,310799.9
2570,446155.38
2571,740507.8
2572,334280.9
2573,232321.7
2574,316943.8
2575,220591.7
2576,544033.56
2577,265138.25
2578,362557.62
2579,274695.0
2580,308647.8
2581,426556.7
2582,351738.8
2583,304935.0
2584,536967.7
2585,437460.84
2586,393194.03
2587,536036.5
2588,437680.34
2589,253913.22
2590,395627.66
2591,425067.97
2592,372698.4
2593,402900.12
2594,612621.56
2595,338000.75
2596,306858.66
2597,389817.28
2598,697790.1
2599,384942.28
2600,435561.72
2601,520912.7
2602,396461.6
2603,191315.8
2604,435580.8
2605,840749.1
2606,562840.44
2607,345246.9
2608,309641.94
2609,371867.6
2610,582751.8
2611,432984.03
2612,281006.03
2613,349327.9
2614,363495.84
2615,607463.5
2616,395514.47
2617,425120.66
2618,422819.22
2619,895915.6
2620,391301.94
2621,427526.78
2622,527834.7
2623,582705.1
2624,376937.06
2625,577064.4
2626,367640.38
2627,349367.22
2628,378928.75
2629,310150.88
2630,495485.12
2631,437509.22
2632,244101.16
2633,503520.25
2634,323889.84
2635,296360.9
2636,318124.22
2637,326148.84
2638,462174.2
2639,322646.8
2640,808879.9
2641,393859.8
2642,238002.61
2643,417236.16
2644,331456.88
2645,343809.1
2646,406358.4
2647,875677.7
2648,351400.84
2649,268765.53
2650,517064.97
2651,349801.94
2652,421058.34
2653,283817.8
2654,1503172.6
2655,417356.34
2656,631291.2
2657,296106.62
2658,498673.6
2659,388330.12
2660,381339.53
2661,369163.75
2662,232481.72
2663,393627.0
2664,536008.9
2665,278393.56
2666,395457.12
2667,318991.88
2668,505875.8
2669,817098.25
2670,664602.7
2671,297762.7
2672,377585.38
2673,290457.5
2674,318898.2
2675,702447.94
2676,489674.22
2677,540782.94
2678,367789.75
2679,623543.8
2680,583886.7
2681,348064.22
2682,406180.2
2683,297154.47
2684,269561.28
2685,356416.9
2686,398801.34
2687,630570.3
2688,849200.6
2689,760501.5
2690,417698.0
2691,383731.25
2692,248611.5
2693,353815.3
2694,446311.97
2695,402960.84
2696,617187.4
2697,719427.06
2698,409576.0
2699,614461.2
2700,454913.34
2701,321168.94
2702,514271.66
2703,264676.94
2704,721753.94
2705,690308.1
2706,470825.25
2707,395313.84
2708,506128.7
2709,249097.55
2710,446387.75
2711,432044.4
2712,548192.75
2713,328890.62
2714,400781.66
2715,527603.2
2716,636745.06
2717,218300.94
2718,501763.88
2719,316335.03
2720,260287.36
2721,267419.66
2722,390928.2
2723,268329.12
2724,413253.9
2725,305791.78
2726,1257347.4
2727,258325.33
2728,283684.66
2729,337659.88
2730,451782.3
2731,243747.11
2732,373809.72
2733,3059888.5
2734,374716.3
2735,464882.2
2736,455117.3
2737,498352.2
2738,306945.88
2739,449777.28
2740,687738.9
2741,509307.9
2742,321219.78
2743,329975.78
2744,390443.1
2745,540744.8
2746,411158.62
2747,389064.1
2748,291290.25
2749,407329.97
2750,327219.34
2751,255057.77
2752,356965.28
2753,576617.7
2754,652275.4
2755,338320.03
2756,302779.03
2757,382166.72
2758,295722.28
2759,508125.12
2760,731896.0
2761,824371.2
2762,262276.78
2763,469340.47
2764,470462.6
2765,416856.72
2766,325500.03
2767,420141.4
2768,353747.16
2769,233232.33
2770,558843.94
2771,331010.22
2772,314014.0
2773,243994.56
2774,427633.62
2775,525186.56
2776,378138.88
2777,497932.25
2778,505218.2
2779,266363.38
2780,387848.97
2781,401618.8
2782,393392.8
2783,417411.28
2784,332991.62
2785,376608.62
2786,1151961.9
2787,267490.06
2788,792266.94
2789,386838.28
2790,650296.5
2791,398445.5
2792,657213.25
2793,357352.22
2794,615902.06
2795,355718.75
2796,567706.2
2797,708477.4
2798,468430.03
2799,242036.67
2800,377493.22
2801,393983.78
2802,595858.4
2803,404385.25
2804,398347.47
2805,391810.53
2806,272380.6
2807,723788.7
2808,556754.4
2809,863823.25
2810,736730.8
2811,478911.53
2812,398873.6
2813,386546.97
2814,275831.7
2815,279666.6
2816,572198.06
2817,303369.25
2818,183307.55
2819,272853.28
2820,2013663.4
2821,367527.5
2822,265491.97
2823,426346.0
2824,884073.8
2825,407881.16
2826,435278.5
2827,1926246.9
2828,387271.66
2829,287206.1
2830,196873.9
2831,1885117.1
2832,336962.47
2833,345809.06
2834,317953.16
2835,551950.94
2836,543489.06
2837,540554.0
2838,454595.9
2839,480136.2
2840,195398.27
2841,630317.8
2842,267269.75
2843,378447.0
2844,275332.34
2845,419310.4
2846,463288.0
2847,302534.84
2848,350013.5
2849,321733.62
2850,407258.47
2851,458269.72
2852,404529.5
2853,247044.98
2854,300040.25
2855,547972.2
2856,604480.4
2857,287583.78
2858,671589.56
2859,302097.2
2860,471718.75
2861,235120.78
2862,581774.5
2863,415670.56
2864,574608.5
2865,306128.5
2866,415699.1
2867,346146.28
2868,423834.97
2869,477027.12
2870,298873.34
2871,346135.03
2872,1019005.94
2873,319134.28
2874,573640.5
2875,266742.12
2876,582797.4
2877,544789.5
2878,485229.16
2879,384035.84
2880,552609.25
2881,514705.4
2882,451110.7
2883,391558.78
2884,305120.6
2885,296988.44
2886,518052.12
2887,321108.28
2888,577570.9
2889,583523.75
2890,300802.94
2891,251317.62
2892,224564.4
2893,869612.5
2894,331425.28
2895,356232.06
2896,367235.28
2897,382595.56
2898,438250.03
2899,532282.1
2900,352643.0
2901,274798.25
2902,468313.9
2903,389366.97
2904,322603.12
2905,1931449.0
2906,2647203.8
2907,663705.8
2908,261706.62
2909,424177.06
2910,364654.16
2911,434087.94
2912,308465.34
2913,936995.56
2914,650445.4
2915,628857.56
2916,442343.2
2917,432508.6
2918,346417.06
2919,354829.03
2920,296237.12
2921,468198.7
2922,260458.69
2923,425815.34
2924,309559.28
2925,302899.2
2926,322017.88
2927,359034.25
2928,356738.62
2929,323355.3
2930,369228.56
2931,535931.2
2932,312719.97
2933,355447.47
2934,424391.53
2935,1421455.2
2936,583705.2
2937,497378.84
2938,362485.72
2939,407005.34
2940,1070493.0
2941,441566.84
2942,516836.22
2943,321658.75
2944,428076.75
2945,390399.9
2946,292232.97
2947,450647.16
2948,283155.97
2949,249010.61
2950,301126.7
2951,246818.44
2952,2615340.0
2953,787199.8
2954,696968.1
2955,519144.16
2956,461442.22
2957,1441303.1
2958,347126.1
2959,454224.94
2960,415853.72
2961,572260.25
2962,259227.1
2963,228019.89
2964,515148.34
2965,586430.25
2966,423015.25
2967,260725.11
2968,457992.72
2969,467921.03
2970,385330.88
2971,324050.5
2972,383387.4
2973,267609.47
2974,472387.72
2975,317380.56
2976,253800.88
2977,207306.53
2978,502318.3
2979,296527.7
2980,455828.8
2981,448050.25
2982,277666.5
2983,397276.84
2984,355467.8
2985,348140.6
2986,241979.44
2987,418683.06
2988,806412.0
2989,453204.66
2990,651886.06
2991,427731.5
2992,792711.4
2993,563725.7
2994,343288.16
2995,307409.9
2996,359856.97
2997,432947.7
2998,818086.94
2999,451824.53
3000,272151.06
3001,330940.78
3002,394965.66
3003,441922.4
3004,335543.78
3005,409362.78
3006,272596.3
3007,515175.88
3008,320884.22
3009,395537.1
3010,417584.88
3011,554232.75
3012,306789.0
3013,216059.1
3014,527048.0
3015,378213.2
3016,344115.47
3017,312703.88
3018,337048.6
3019,1568849.8
3020,373821.12
3021,378438.3
3022,685847.25
3023,387036.8
3024,264811.75
3025,379368.44
3026,324988.88
3027,384826.28
3028,501493.1
3029,209478.33
3030,295836.8
3031,344067.56
3032,248125.94
3033,315182.9
3034,280417.06
3035,262344.34
3036,450850.03
3037,399499.47
3038,682125.25
3039,315105.38
3040,341659.03
3041,270887.97
3042,270062.53
3043,1410404.2
3044,325297.72
3045,289948.28
3046,354263.7
3047,318304.47
3048,659306.2
3049,297421.53
3050,380726.88
3051,280071.75
3052,528788.0
3053,383462.75
3054,252873.12
3055,327271.78
3056,346532.06
3057,373760.53
3058,368735.9
3059,358482.72
3060,502845.53
3061,247636.58
3062,356908.1
3063,268080.5
3064,318659.84
3065,350587.47
3066,418887.56
3067,648242.0
3068,421118.6
3069,831321.9
3070,491318.94
3071,893023.9
3072,380875.78
3073,357989.38
3074,511860.4
3075,313278.78
3076,561971.5
3077,351644.9
3078,283022.6
3079,509817.2
3080,377511.94
3081,368264.28
3082,1025011.8
3083,658829.75
3084,1155090.5
3085,652401.06
3086,454647.06
3087,425135.28
3088,1149988.2
3089,463508.97
3090,322219.38
3091,496120.6
3092,331448.66
3093,505541.1
3094,335340.34
3095,1306783.8
3096,437450.8
3097,689843.5
3098,417760.94
3099,397011.72
3100,412505.78
3101,354620.62
3102,429060.94
3103,715670.2
3104,469293.9
3105,588856.9
3106,461218.72
3107,1264005.6
3108,359163.0
3109,272700.8
3110,827499.8
3111,361104.88
3112,997394.3
3113,305198.0
3114,359100.7
3115,315549.8
3116,295232.53
3117,267045.03
3118,844218.44
3119,366364.97
3120,319945.5
3121,333364.03
3122,259039.28
3123,330632.88
3124,320711.66
3125,264613.3
3126,318173.38
3127,346275.7
3128,450938.62
3129,293705.94
3130,416151.28
3131,438518.44
3132,509031.12
3133,232635.42
3134,400578.38
3135,714019.06
3136,336885.34
3137,495586.25
3138,264823.88
3139,1681137.8
3140,537221.75
3141,273839.7
3142,474284.53
3143,361454.25
3144,627016.75
3145,279246.6
3146,516224.4
3147,532101.44
3148,426320.8
3149,352628.22
3150,273912.84
3151,913528.5
3152,477757.4
3153,690819.2
3154,428298.06
3155,351526.22
3156,413534.62
3157,436328.34
3158,372010.9
3159,246416.73
3160,251816.66
3161,299270.94
3162,393290.03
3163,496798.6
3164,407943.4
3165,250216.11
3166,322686.2
3167,228847.73
3168,1686726.2
3169,353943.53
3170,244113.27
3171,502700.75
3172,363362.75
3173,266958.97
3174,229133.81
3175,569407.7
3176,1791050.6
3177,681015.06
3178,384390.53
3179,616013.7
3180,778770.94
3181,2141939.8
3182,283275.38
3183,365215.16
3184,555803.75
3185,287821.94
3186,266812.34
3187,336026.06
3188,455810.56
3189,270865.22
3190,505844.94
3191,320716.56
3192,694004.6
3193,1874132.4
3194,462928.5
3195,2488188.8
3196,206712.48
3197,818737.9
3198,823071.9
3199,314841.62
3200,400975.88
3201,537215.6
3202,436358.3
3203,315442.12
3204,807869.94
3205,270053.25
3206,325429.28
3207,565224.4
3208,706912.94
3209,346399.22
3210,309497.28
3211,391171.34
3212,478012.62
3213,446976.47
3214,341977.2
3215,250395.14
3216,1631905.8
3217,492327.34
3218,365123.94
3219,756124.8
3220,368631.12
3221,323763.22
3222,318027.75
3223,317544.06
3224,319281.0
3225,406666.22
3226,473499.06
3227,389202.88
3228,374034.38
3229,430017.03
3230,397334.44
3231,936622.1
3232,416697.75
3233,379974.56
3234,706822.56
3235,1409936.1
3236,312650.2
3237,527111.4
3238,359086.97
3239,269889.5
3240,328068.0
3241,469332.4
3242,640940.3
3243,245460.25
3244,252492.86
3245,319963.2
3246,331330.47
3247,341354.8
3248,229020.2
3249,368127.34
3250,472593.2
3251,426707.22
3252,356009.25
3253,533116.3
3254,385445.56
3255,572069.3
3256,385923.72
3257,352221.53
3258,342137.7
3259,362712.56
3260,435019.56
3261,455458.6
3262,473953.56
3263,289938.3
3264,325760.28
3265,1940373.6
3266,475285.22
3267,476350.66
3268,431649.03
3269,538972.7
3270,343485.94
3271,270358.88
3272,363705.28
3273,341833.06
3274,1048029.2
3275,5379950.5
3276,355840.22
3277,332068.78
3278,392715.84
3279,313626.12
3280,657401.25
3281,308224.8
3282,259075.34
3283,766203.1
3284,423233.16
3285,333780.75
3286,449118.9
3287,274080.6
3288,387115.1
3289,1538652.1
3290,281633.8
3291,382759.78
3292,248922.3
3293,478081.0
3294,430660.53
3295,442412.4
3296,455473.34
3297,414574.72
3298,464633.1
3299,321116.88
3300,344161.4
3301,500655.9
3302,334444.16
3303,601951.5
3304,647457.4
3305,440226.38
3306,331214.22
3307,827053.3
3308,2755088.2
3309,841424.5
3310,413453.38
3311,404882.25
3312,4672996.5
3313,335745.47
3314,533912.06
3315,584952.3
3316,1640250.2
3317,419134.5
3318,351148.28
3319,376787.53
3320,458437.56
3321,344737.6
3322,391396.0
3323,573033.56
3324,315197.34
3325,440888.53
3326,710781.0
3327,544381.25
3328,280568.47
3329,252192.53
3330,292923.8
3331,377292.38
3332,388673.94
3333,236841.06
3334,312713.4
3335,755131.8
3336,596153.94
3337,377480.25
3338,874996.5
3339,396454.78
3340,377629.3
3341,362111.88
3342,391687.25
3343,297464.66
3344,393746.38
3345,226744.39
3346,808099.56
3347,465408.3
3348,330813.9
3349,291898.16
3350,529442.94
3351,742863.25
3352,340310.78
3353,338729.38
3354,453923.53
3355,224355.48
3356,357108.97
3357,750412.3
3358,689814.56
3359,541327.9
3360,257021.45
3361,341591.25
3362,262023.78
3363,410334.47
3364,350972.16
3365,441672.97
3366,325805.66
3367,493117.72
3368,307931.6
3369,667375.7
3370,811534.75
3371,365318.97
3372,633513.0
3373,228274.67
3374,547186.75
3375,401505.47
3376,327156.94
3377,265225.25
3378,395481.28
3379,558937.75
3380,479244.12
3381,365694.75
3382,436652.22
3383,330709.8
3384,485664.34
3385,351323.12
3386,495576.78
3387,361345.34
3388,554160.9
3389,1200650.6
3390,327026.53
3391,380567.88
3392,633423.6
3393,335630.22
3394,364559.56
3395,318260.16
3396,598612.8
3397,396777.8
3398,323010.72
3399,318901.22
3400,323608.28
3401,323684.8
3402,322397.06
3403,391103.47
3404,535580.7
3405,512191.47
3406,431640.78
3407,321599.25
3408,397179.12
3409,519405.62
3410,391593.12
3411,273130.28
3412,514030.4
3413,351754.94
3414,319819.2
3415,431059.12
3416,387923.7
3417,358542.9
3418,315667.22
3419,195185.2
3420,383123.53
3421,407537.44
3422,336278.7
3423,606820.8
3424,516913.12
3425,563790.2
3426,463608.0
3427,361219.94
3428,1310682.9
3429,274462.47
3430,292166.62
3431,511335.44
3432,282460.66
3433,286112.56
3434,406786.47
3435,248419.05
3436,287815.34
3437,418768.53
3438,360455.28
3439,320129.22
3440,364407.3
3441,352018.03
3442,406227.44
3443,338414.9
3444,467701.53
3445,417166.12
3446,333670.62
3447,299174.5
3448,370164.97
3449,501812.7
3450,289449.3
3451,735158.7
3452,940287.94
3453,586368.75
3454,373843.22
3455,414945.75
3456,330766.6
3457,260994.28
3458,668458.56
3459,401575.9
3460,222997.1
3461,442587.1
3462,327156.3
3463,746973.7
3464,265552.25
3465,549298.0
3466,450992.8
3467,346764.12
3468,535119.1
3469,408573.38
3470,242330.0
3471,1328423.9
3472,546627.6
3473,366436.94
3474,5337808.5
3475,409005.3
3476,383822.75
3477,390876.75
3478,387476.3
3479,467890.7
3480,2470992.8
3481,490772.88
3482,336379.4
3483,513364.16
3484,319798.47
3485,312143.72
3486,419092.94
3487,351380.1
3488,305728.2
3489,302701.66
3490,555957.44
3491,407672.72
3492,498629.8
3493,480016.25
3494,647200.56
3495,743716.7
3496,455707.97
3497,356545.44
3498,389349.16
3499,357029.97
3500,559866.0
3501,303343.78
3502,311930.66
3503,761870.6
3504,339782.2
3505,486771.66
3506,896324.1
3507,400182.78
3508,421493.88
3509,2264450.2
3510,712937.2
3511,908271.1
3512,680589.1
3513,335789.66
3514,330774.8
3515,387591.62
3516,326133.94
3517,310725.22
3518,951600.44
3519,306126.75
3520,377021.2
3521,328244.5
3522,480454.1
3523,354262.34
3524,1157916.1
3525,280586.66
3526,383027.8
3527,376578.47
3528,373744.12
3529,309395.2
3530,1159003.2
3531,404787.28
3532,249137.45
3533,295735.25
3534,359806.84
3535,434870.22
3536,356071.06
3537,1014688.7
3538,977291.75
3539,474236.6
3540,555416.94
3541,345966.06
3542,355360.7
3543,497478.47
3544,330380.1
3545,432429.4
3546,383205.38
3547,406521.97
3548,399920.3
3549,543616.56
3550,208454.0
3551,244090.45
3552,325178.6
3553,330605.75
3554,768364.7
3555,488568.72
3556,423333.25
3557,320791.2
3558,376289.8
3559,407274.03
3560,511247.66
3561,368071.88
3562,206186.61
3563,339023.47
3564,867248.8
3565,328844.84
3566,341162.8
3567,436743.0
3568,324655.56
3569,351684.5
3570,349858.66
3571,447033.6
3572,371503.22
3573,604631.44
3574,481518.28
3575,268805.0
3576,362370.28
3577,305584.78
3578,345481.4
3579,412563.22
3580,336762.66
3581,597289.9
3582,406298.72
3583,301166.9
3584,332113.75
3585,482745.0
3586,925279.4
3587,253802.33
3588,523307.7
3589,561086.8
3590,325453.5
3591,325290.28
3592,367803.78
3593,539407.7
3594,361768.75
3595,479221.28
3596,281740.2
3597,442891.1
3598,392038.53
3599,386102.62
3600,237195.94
3601,339880.06
3602,300150.72
3603,589901.25
3604,392533.12
3605,286786.25
3606,432688.47
3607,597753.7
3608,290862.75
3609,475227.2
3610,259292.86
3611,730243.6
3612,747616.5
3613,825329.3
3614,293600.66
3615,403292.22
3616,282674.1
3617,278944.75
3618,600512.3
3619,526314.7
3620,519853.62
3621,300542.56
3622,346100.06
3623,314974.97
3624,391937.6
3625,285060.2
3626,368411.12
3627,430984.3
3628,307827.06
3629,234399.42
3630,491885.28
3631,424605.28
3632,320550.8
3633,398008.0
3634,244535.0
3635,229285.95
3636,460414.47
3637,436635.56
3638,313826.0
3639,596676.1
3640,334602.4
3641,302473.7
3642,319696.6
3643,402261.25
3644,398065.7
3645,466555.75
3646,349059.47
3647,263444.47
3648,373522.5
3649,443460.84
3650,402814.84
3651,544992.2
3652,397955.62
3653,364206.5
3654,489782.6
3655,498225.78
3656,300460.03
3657,339127.6
3658,318920.1
3659,410225.7
3660,512298.94
3661,336542.4
3662,414165.3
3663,439655.75
3664,482783.7
3665,271313.53
3666,337001.7
3667,453416.47
3668,815017.2
3669,391139.28
3670,607679.06
3671,489909.66
3672,513517.9
3673,1711469.1
3674,373129.44
3675,394324.34
3676,414718.66
3677,370499.1
3678,561616.8
3679,354498.22
3680,602968.44
3681,529785.4
3682,549651.2
3683,351097.38
3684,400582.94
3685,334616.44
3686,560370.25
3687,405246.16
3688,409710.38
3689,284090.22
3690,337451.28
3691,1240276.4
3692,356232.06
3693,289979.78
3694,329922.9
3695,392287.62
3696,758214.56
3697,563097.06
3698,353376.25
3699,494483.4
3700,318546.8
3701,600251.2
3702,317654.3
3703,334883.97
3704,341312.5
3705,522625.4
3706,745449.3
3707,235089.84
3708,927530.5
3709,327297.38
3710,1061777.5
3711,558580.7
3712,360582.5
3713,307221.75
3714,358285.84
3715,462566.62
3716,275686.0
3717,3035925.8
3718,563220.56
3719,2122840.2
3720,264616.34
3721,637182.44
3722,251858.44
3723,318375.53
3724,327670.28
3725,417789.62
3726,429322.06
3727,215695.1
3728,434646.34
3729,559364.4
3730,249402.77
3731,269567.97
3732,416171.9
3733,418035.12
3734,335555.3
3735,364907.4
3736,294633.4
3737,288662.0
3738,333084.38
3739,456554.5
3740,394096.5
3741,309084.34
3742,281648.88
3743,359738.9
3744,411404.2
3745,255362.0
3746,1105274.9
3747,277539.97
3748,271717.47
3749,308159.56
3750,1145703.8
3751,313697.94
3752,394488.3
3753,374865.72
3754,294377.28
3755,335415.2
3756,411231.56
3757,2860721.5
3758,233978.2
3759,352815.25
3760,570836.56
3761,427327.03
3762,390108.12
3763,340657.56
3764,458472.56
3765,285662.16
3766,405326.56
3767,344951.34
3768,822039.56
3769,726732.44
3770,229415.88
3771,281282.2
3772,412697.03
3773,375612.9
3774,1244072.0
3775,255151.19
3776,423037.03
3777,477860.38
3778,299225.84
3779,244875.27
3780,704537.1
3781,370514.62
3782,504015.1
3783,401353.84
3784,390108.84
3785,544865.4
3786,494230.72
3787,1231725.9
3788,477812.06
3789,982495.0
3790,298040.53
3791,569197.0
3792,834163.4
3793,302703.4
3794,295451.66
3795,429550.6
3796,279535.4
3797,316759.47
3798,358583.25
3799,378646.25
3800,739710.25
3801,301672.8
3802,413874.72
3803,385644.1
3804,536938.0
3805,324721.8
3806,451844.38
3807,372587.5
3808,495950.3
3809,484986.75
3810,667044.8
3811,364009.97
3812,427837.56
3813,370726.0
3814,346592.22
3815,572579.06
3816,455845.34
3817,262370.34
3818,605801.94
3819,365087.03
3820,505058.25
3821,400655.53
3822,308914.6
3823,269160.53
3824,712880.06
3825,548076.7
3826,380485.88
3827,249311.44
3828,325668.97
3829,401549.88
3830,851334.9
3831,328319.66
3832,921865.44
3833,1504850.9
3834,791066.5
3835,456536.22
3836,334673.88
3837,546055.56
3838,421146.72
3839,276751.28
3840,467262.84
3841,379858.62
3842,301115.78
3843,451324.12
3844,370927.56
3845,398377.88
3846,323709.5
3847,253852.69
3848,495653.38
3849,639679.94
3850,379253.4
3851,228582.94
3852,405132.56
3853,332223.38
3854,411570.56
3855,468714.25
3856,393913.9
3857,339235.66
3858,345178.4
3859,355755.4
3860,438308.56
3861,573086.06
3862,397642.25
3863,354555.72
3864,804385.8
3865,538956.25
3866,414871.34
3867,324331.25
3868,345296.94
3869,322293.16
3870,471333.8
3871,317847.66
3872,366405.5
3873,278620.9
3874,1436527.6
3875,339763.4
3876,334268.16
3877,333387.56
3878,339018.3
3879,277244.22
3880,448237.44
3881,557437.6
3882,226779.42
3883,543069.4
3884,589041.1
3885,320280.7
3886,385357.34
3887,406783.38
3888,509061.22
3889,384771.25
3890,249755.03
3891,653978.3
3892,295514.78
3893,478479.66
3894,358013.28
3895,345652.12
3896,293272.66
3897,202027.42
3898,633674.94
3899,461742.44
3900,663624.8
3901,264016.4
3902,271559.97
3903,2925256.8
3904,613326.56
3905,305224.78
3906,315955.75
3907,350874.44
3908,483597.47
3909,339248.6
3910,290742.4
3911,342526.84
3912,390148.28
3913,272144.3
3914,339287.4
3915,718113.7
3916,649607.25
3917,466949.22
3918,237469.81
3919,436581.44
3920,326589.6
3921,286569.72
3922,373927.38
3923,268005.34
3924,347642.9
3925,606008.8
3926,355724.88
3927,409309.7
3928,919756.1
3929,460863.44
3930,495649.6
3931,301002.66
3932,276912.3
3933,380856.88
3934,299777.12
3935,1413935.4
3936,279021.9
3937,488711.3
3938,355802.9
3939,440904.5
3940,408648.2
3941,503924.72
3942,465300.03
3943,629855.1
3944,1336398.6
3945,484996.9
3946,390699.34
3947,1598197.5
3948,607690.6
3949,463837.1
3950,325148.84
3951,3616263.5
3952,290542.28
3953,407375.78
3954,535701.25
3955,553809.0
3956,6316633.5
3957,314563.1
3958,814215.44
3959,419320.03
3960,368076.1
3961,422317.9
3962,444440.53
3963,285002.56
3964,426405.38
3965,373583.75
3966,1102018.4
3967,742826.4
3968,500767.62
3969,347521.6
3970,365238.16
3971,341781.56
3972,342909.25
3973,289014.03
3974,411042.6
3975,650279.1
3976,587370.56
3977,359508.44
3978,435212.94
3979,410177.97
3980,281318.7
3981,306054.94
3982,357900.62
3983,753069.25
3984,266462.97
3985,321838.56
3986,303053.47
3987,337078.2
3988,287721.5
3989,507308.75
3990,391297.47
3991,231496.75
3992,587651.9
3993,868208.75
3994,360643.03
3995,336376.8
3996,323023.66
3997,253294.55
3998,998159.3
3999,751629.94
4000,410545.84
4001,504503.7
4002,421225.44
4003,390880.47
4004,293909.94
4005,289787.94
4006,288139.44
4007,375606.47
4008,384984.12
4009,394396.53
4010,324479.75
4011,531998.94
4012,489066.6
4013,349020.22
4014,371524.47
4015,316357.97
4016,331648.5
4017,260721.62
4018,320423.7
4019,278616.12
4020,518746.25
4021,243680.17
4022,454243.12
4023,572389.06
4024,347489.78
4025,757360.3
4026,539606.3
4027,659348.94
4028,440562.38
4029,399992.0
4030,529535.9
4031,264168.03
4032,551166.1
4033,296297.6
4034,247979.73
4035,372385.03
4036,260906.69
4037,459032.56
4038,348739.38
4039,625851.75
4040,385714.0
4041,260385.17
4042,406009.0
4043,234556.84
4044,1287847.2
4045,678779.4
4046,288749.0
4047,300695.66
4048,496041.12
4049,527836.75
4050,428921.0
4051,602928.2
4052,475679.72
4053,382926.28
4054,554902.3
4055,367277.3
4056,325403.84
4057,551606.75
4058,804503.94
4059,320623.6
4060,365128.8
4061,600945.44
4062,506996.3
4063,296302.12
4064,289791.8
4065,448653.12
4066,374720.6
4067,281104.66
4068,474657.4
4069,456963.1
4070,435846.75
4071,572958.2
4072,359082.2
4073,230250.1
4074,1076252.0
4075,373031.94
4076,299411.97
4077,614320.56
4078,590014.9
4079,482337.28
4080,382623.28
4081,290201.66
4082,557517.4
4083,429952.25
4084,602698.25
4085,502041.5
4086,353134.34
4087,582809.6
4088,373730.56
4089,207316.42
4090,365051.5
4091,414003.4
4092,393129.53
4093,310565.84
4094,622542.0
4095,707638.7
4096,335295.56
4097,505730.12
4098,431363.44
4099,339710.9
4100,561715.4
4101,1647059.5
4102,947509.06
4103,384312.1
4104,425773.9
4105,394448.44
4106,444856.12
4107,539813.25
4108,717813.75
4109,356071.06
4110,595430.06
4111,641691.4
4112,298784.44
4113,864634.25
4114,1682578.0
4115,445189.7
4116,368111.2
4117,328563.97
4118,315207.56
4119,365165.72
4120,417588.06
4121,937569.44
4122,296075.6
4123,308190.72
4124,388211.62
4125,813917.4
4126,505965.56
4127,427714.38
4128,1152599.1
4129,309073.72
4130,394701.3
4131,665009.75
4132,333065.94
4133,311421.2
4134,340761.56
4135,677594.5
4136,355223.12
4137,436137.8
4138,583275.56
4139,297032.62
4140,413269.7
4141,335499.62
4142,293479.72
4143,652146.0
4144,346155.5
4145,469214.25
4146,471872.62
4147,663118.7
4148,1060526.6
4149,489637.8
4150,534461.25
4151,679354.44
4152,414732.9
4153,370362.72
4154,534696.75
4155,483736.78
4156,400224.0
4157,352684.03
4158,437935.84
4159,543422.7
4160,214620.11
4161,359122.6
4162,337662.47
4163,410331.34
4164,246924.86
4165,935695.4
4166,381245.0
4167,362241.75
4168,355009.78
4169,363865.6
4170,379738.38
4171,302978.34
4172,244320.08
4173,641959.5
4174,365946.62
4175,1103360.2
4176,470019.5
4177,3026755.8
4178,504216.03
4179,307956.25
4180,442903.78
4181,447305.66
4182,761338.94
4183,310122.47
4184,267794.8
4185,484588.22
4186,348543.88
4187,488319.97
4188,763648.44
4189,294083.75
4190,641910.5
4191,365608.97
4192,238573.47
4193,537907.7
4194,422482.25
4195,475057.72
4196,283147.34
4197,569580.4
4198,344915.8
4199,556783.06
4200,303552.16
4201,236973.9
4202,425469.47
4203,512040.06
4204,402983.9
4205,405008.94
4206,362004.8
4207,347786.84
4208,480931.75
4209,512332.2
4210,335635.97
4211,517522.78
4212,444304.1
4213,387761.7
4214,603420.6
4215,392042.28
4216,259274.56
4217,3418778.2
4218,319934.5
4219,422028.8
4220,328872.44
4221,275951.66
4222,399976.0
4223,429277.84
4224,459114.0
4225,720465.2
4226,882385.8
4227,1192693.9
4228,339004.1
4229,306722.3
4230,865602.9
4231,1557347.6
4232,295093.47
4233,353901.7
4234,378011.97
4235,346394.6
4236,455009.7
4237,286394.3
4238,298260.6
4239,444955.4
4240,539372.75
4241,559179.8
4242,439556.0
4243,310197.0
4244,574506.6
4245,631765.75
4246,402181.47
4247,430560.34
4248,433689.03
4249,318144.25
4250,335203.5
4251,695323.0
4252,427773.12
4253,541881.56
4254,371017.44
4255,473392.5
4256,329870.7
4257,761777.6
4258,355873.47
4259,548030.7
4260,664704.1
4261,371061.3
4262,1092425.1
4263,380134.78
4264,292225.72
4265,505329.97
4266,367837.47
4267,1077566.6
4268,558116.4
4269,477954.25
4270,295984.1
4271,290850.56
4272,653003.6
4273,344732.3
4274,716727.5
4275,227762.56
4276,379310.56
4277,497442.4
4278,347069.16
4279,304910.0
4280,272559.9
4281,234777.52
4282,326206.72
4283,975302.94
4284,468284.44
4285,439587.84
4286,635891.8
4287,446404.78
4288,240188.86
4289,279613.25
4290,284636.97
4291,313184.97
4292,428784.4
4293,227590.17
4294,357016.34
4295,383001.5
4296,321968.75
4297,926139.25
4298,374551.94
4299,395345.53
4300,384540.88
4301,226616.4
4302,435228.72
4303,323475.6
4304,335145.94
4305,376368.06
4306,557965.25
4307,303069.1
4308,994892.0
4309,289064.22
4310,531562.8
4311,312750.4
4312,379757.22
4313,340556.88
4314,268990.16
4315,351129.5
4316,292733.38
4317,1020982.56
4318,338845.06
4319,399946.25
4320,360455.28
4321,428597.97
4322,369229.25
4323,527049.0
4324,264336.38
4325,239377.06
4326,330847.38
4327,372942.3
4328,421416.7
4329,328659.88
4330,730714.56
4331,427186.06
4332,317249.25
4333,353693.84
4334,353313.56
4335,301262.28
4336,334701.34
4337,423769.5
4338,356714.8
4339,354157.62
4340,855859.4
4341,463136.94
4342,355286.16
4343,448475.2
4344,427094.0
4345,501557.2
4346,401520.78
4347,664389.75
4348,386534.4
4349,551004.25
4350,420379.47
4351,590878.7
4352,352020.72
4353,468567.66
4354,787339.44
4355,335935.72
4356,307939.22
4357,549928.06
4358,586675.3
4359,545881.6
4360,438322.78
4361,393268.28
4362,314701.75
4363,536219.56
4364,379154.3
4365,315249.03
4366,317760.34
4367,441087.03
4368,422909.56
4369,477842.16
4370,982013.5
4371,455960.12
4372,577815.5
4373,439621.38
4374,778280.94
4375,337541.4
4376,336571.28
4377,457351.1
4378,429297.5
4379,263593.25
4380,452030.56
4381,345926.5
4382,354803.97
4383,589271.5
4384,511049.75
4385,644413.06
4386,585205.6
4387,305386.7
4388,1052373.9
4389,279195.44
4390,340011.03
4391,323421.3
4392,435701.3
4393,427614.03
4394,371568.4
4395,444488.88
4396,397539.88
4397,295224.62
4398,380729.78
4399,441882.78
4400,452641.38
4401,564143.06
4402,446663.7
4403,853083.9
4404,627465.4
4405,310226.6
4406,235758.02
4407,264781.44
4408,1225957.8
4409,349613.84
4410,291853.62
4411,372677.78
4412,343848.44
4413,424267.7
4414,299212.16
4415,480822.62
4416,310661.8
4417,382033.34
4418,384520.34
4419,854197.56
4420,457181.03
4421,365916.62
4422,467710.47
4423,213038.06
4424,346618.0
4425,468043.3
4426,451296.56
4427,420707.56
4428,320124.34
4429,371236.16
4430,362140.88
4431,331092.3
4432,484838.75
4433,491603.88
4434,838244.8
4435,266226.22
4436,552922.44
4437,362454.6
4438,215385.53
4439,335344.2
4440,602518.94
4441,881541.4
4442,337927.9
4443,323716.3
4444,379496.53
4445,406855.53
4446,322085.44
4447,720839.06
4448,429078.94
4449,318569.9
4450,393270.53
4451,296075.6
4452,292654.1
4453,369145.47
4454,380286.34
4455,339835.97
4456,502005.1
4457,530640.94
4458,656810.94
4459,391836.7
4460,470636.72
4461,339901.47
4462,469267.06
4463,307273.9
4464,315578.12
4465,344240.84
4466,363900.28
4467,367641.78
4468,535990.5
4469,292893.1
4470,332243.0
4471,393454.34
4472,652378.6
4473,813872.3
4474,615794.0
4475,280802.97
4476,613132.4
4477,393427.34
4478,689626.44
4479,347894.97
4480,290157.38
4481,329680.75
4482,733622.06
4483,557731.2
4484,708536.8
4485,319094.1
4486,384235.16
4487,374487.66
4488,217411.7
4489,410929.72
4490,363920.4
4491,371800.94
4492,811832.0
4493,314088.88
4494,360381.72
4495,1066132.4
4496,438853.97
4497,337401.72
4498,352052.94
4499,489759.22
4500,365457.66
4501,663185.75
4502,401401.3
4503,624288.75
4504,502493.7
4505,309878.28
4506,640777.75
4507,393790.7
4508,387328.53
4509,276954.56
4510,458717.47
4511,435787.75
4512,457860.84
4513,446975.6
4514,473978.88
4515,233443.28
4516,271973.6
4517,1068903.6
4518,402486.9
4519,422309.84
4520,387227.3
4521,319011.94
4522,353112.12
4523,263840.72
4524,358178.56
4525,329119.06
4526,303684.75
4527,856545.25
4528,392813.22
4529,316649.53
4530,2162431.5
4531,411865.84
4532,415408.22
4533,385996.6
4534,301814.97
4535,388301.22
4536,308178.97
4537,434655.47
4538,478132.97
4539,1011670.1
4540,382091.62
4541,522817.84
4542,869765.1
4543,364407.3
4544,1030901.7
4545,244265.56
4546,327517.2
4547,412623.03
4548,328098.66
4549,855882.25
4550,294189.22
4551,354776.9
4552,294658.72
4553,413698.72
4554,377434.16
4555,1331180.9
4556,648681.1
4557,345278.5
4558,301019.3
4559,324360.3
4560,213112.23
4561,560097.8
4562,390046.34
4563,787772.06
4564,851711.7
4565,413704.25
4566,499137.97
4567,390845.44
4568,337964.66
4569,487805.16
4570,720018.7
4571,230312.03
4572,3099094.8
4573,444687.3
4574,384085.66
4575,281604.28
4576,465652.5
4577,354856.78
4578,323296.72
4579,290001.9
4580,413695.56
4581,359023.28
4582,628905.56
4583,867182.6
4584,505443.72
4585,236862.3
4586,640218.25
4587,391173.6
4588,311805.16
4589,589760.6
4590,385003.97
4591,353666.2
4592,409543.2
4593,403648.53
4594,407691.38
4595,297648.53
4596,307316.1
4597,326202.34
4598,483906.56
4599,635974.3
4600,297033.75
4601,475433.9
4602,320256.25
4603,310099.4
4604,281515.66
4605,1003012.56
4606,346061.12
4607,310495.34
4608,264378.25
4609,418596.84
4610,349471.84
4611,300025.94
4612,588580.7
4613,312498.78
4614,234087.8
4615,489056.3
4616,500324.66
4617,438248.38
4618,281448.03
4619,476448.8
4620,410716.56
4621,487132.0
4622,355437.97
4623,1000639.3
4624,272232.6
4625,334152.75
4626,254637.31
4627,313123.44
4628,350123.7
4629,201254.38
4630,562983.2
4631,365724.03
4632,486670.47
4633,498933.3
4634,616017.2
4635,415365.4
4636,576429.6
4637,617082.6
4638,410820.0
4639,408448.7
4640,333995.38
4641,408307.72
4642,412257.22
4643,338790.12
4644,473441.28
4645,419248.03
4646,234399.64
4647,469484.62
4648,235950.55
4649,315974.44
4650,385978.94
4651,926969.9
4652,319932.7
4653,426120.8
4654,818811.25
4655,327664.03
4656,556059.25
4657,363737.22
4658,617585.44
4659,585481.44
4660,1126618.9
4661,248670.31
4662,447411.47
4663,363412.66
4664,310876.38
4665,964550.94
4666,2173152.8
4667,401980.53
4668,252457.7
4669,417196.38
4670,471201.7
4671,428364.25
4672,539972.8
4673,290344.5
4674,708601.7
4675,456027.1
4676,621256.2
4677,443741.75
4678,285567.94
4679,351730.1
4680,618601.6
4681,283843.78
4682,526841.0
4683,272764.8
4684,293950.84
4685,350193.8
4686,376139.84
4687,412767.88
4688,575038.3
4689,311040.7
4690,375270.62
4691,636396.6
4692,436811.3
4693,292384.6
4694,275824.3
4695,336548.2
4696,408713.66
4697,247522.78
4698,339578.1
4699,590437.06
4700,369504.72
4701,412306.78
4702,417796.78
4703,228751.72
4704,321525.03
4705,353022.56
4706,328693.1
4707,852545.44
4708,501869.16
4709,378486.7
4710,254909.92
4711,535386.6
4712,318452.66
4713,533435.7
4714,322051.66
4715,462593.1
4716,373403.53
4717,485287.47
4718,470539.78
4719,693712.2
4720,360293.75
4721,427928.97
4722,450110.25
4723,328613.47
4724,397572.5
4725,393134.78
4726,386081.28
4727,765678.6
4728,581004.94
4729,408537.53
4730,688553.94
4731,331269.8
4732,446388.6
4733,384538.7
4734,359434.4
4735,377309.66
4736,360667.78
4737,392978.1
4738,281441.56
4739,312632.9
4740,365616.62
4741,309362.72
4742,346881.22
4743,341846.75
4744,384517.4
4745,242623.69
4746,395473.72
4747,457947.28
4748,332935.75
4749,475803.12
4750,349878.03
4751,339791.9
4752,479889.0
4753,269698.6
4754,288888.94
4755,538059.56
4756,335088.44
4757,424224.8
4758,398659.88
4759,319663.7
4760,369209.53
4761,346742.97
4762,474690.88
4763,241478.27
4764,557104.94
4765,453608.5
4766,344109.56
4767,305221.28
4768,1520088.2
4769,415197.5
4770,334430.12
4771,867885.9
4772,684377.2
4773,685908.75
4774,326960.44
4775,352870.4
4776,302777.88
4777,409355.75
4778,409526.78
4779,337536.9
4780,468522.06
4781,382058.12
4782,258710.92
4783,1023382.6
4784,363247.03
4785,312925.22
4786,328047.34
4787,400533.28
4788,224931.78
4789,345107.3
4790,324931.22
4791,503303.25
4792,510735.97
4793,406283.22
4794,346483.16
4795,375489.72
4796,381378.1
4797,602569.5
4798,313377.97
4799,462157.44
4800,731487.1
4801,702631.5
4802,1197357.4
4803,239652.08
4804,508675.9
4805,301415.72
4806,307414.0
4807,392014.6
4808,482961.44
4809,192538.11
4810,440765.75
4811,424058.16
4812,324156.22
4813,461094.7
4814,386071.7
4815,636894.44
4816,324299.06
4817,605366.5
4818,422570.1
4819,310304.12
4820,412344.53
4821,502974.06
4822,292792.56
4823,530962.94
4824,256624.19
4825,355006.38
4826,447294.56
4827,246884.83
4828,414260.9
4829,618742.06
4830,290364.44
4831,529418.75
4832,388319.0
4833,541178.2
4834,518542.47
4835,959784.94
4836,403962.0
4837,256789.67
4838,229303.89
4839,446586.16
4840,307938.06
4841,388170.9
4842,330692.16
4843,548513.9
4844,356563.78
4845,304797.78
4846,187116.86
4847,404763.34
4848,763699.44
4849,454795.38
4850,558785.3
4851,316225.25
4852,285077.03
4853,458500.53
4854,830737.0
4855,294518.78
4856,388355.3
4857,1054793.4
4858,413029.34
4859,1132973.8
4860,942027.44
4861,513071.47
4862,280477.5
4863,340291.3
4864,565697.9
4865,324087.6
4866,374850.7
4867,333699.28
4868,272677.4
4869,284379.2
4870,299650.78
4871,323257.88
4872,355292.25
4873,332132.78
4874,435453.72
4875,326026.3
4876,344979.0
4877,310394.7
4878,846248.2
4879,389041.8
4880,367011.22
4881,414084.75
4882,382469.34
4883,399520.8
4884,507272.0
4885,213102.48
4886,349252.62
4887,369505.44
4888,293601.75
4889,370075.3
4890,315077.12
4891,338680.94
4892,394000.3
4893,357629.03
4894,1834206.2
4895,329343.22
4896,761352.0
4897,564679.1
4898,595658.4
4899,309750.62
4900,1016596.8
4901,434643.03
4902,657821.44
4903,299997.34
4904,490786.94
4905,396076.12
4906,242813.5
4907,369468.06
4908,410726.75
4909,559548.94
4910,288603.1
4911,434268.47
4912,993001.9
4913,277815.9
4914,355121.53
4915,392820.72
4916,847075.0
4917,436447.38
4918,397404.2
4919,326145.12
4920,299312.62
4921,435899.12
4922,448654.0
4923,284722.75
4924,973630.2
4925,565191.0
4926,338526.6
4927,492039.16
4928,299005.62
4929,212470.36
4930,403389.16
4931,642405.3
4932,279568.47
4933,477727.3
4934,356519.6
4935,234944.16
4936,248066.31
4937,389548.97
4938,480939.1
4939,543492.2
4940,407507.9
4941,383170.28
4942,473553.25
4943,409470.53
4944,282352.94
4945,185897.75
4946,403276.1
4947,407541.34
4948,408888.3
4949,552716.8
4950,401082.94
4951,673271.0
4952,232943.34
4953,477307.44
4954,387078.9
4955,301877.75
4956,572522.3
4957,491326.4
4958,480317.56
4959,511609.56
4960,256753.44
4961,406572.38
4962,309277.2
4963,635900.3
4964,533226.1
4965,442026.1
4966,1021126.7
4967,480967.53
4968,977884.7
4969,368118.9
4970,1288424.6
4971,314657.3
4972,334905.7
4973,343387.7
4974,464408.06
4975,295376.72
4976,484510.56
4977,812202.2
4978,944557.06
4979,746297.2
4980,365645.22
4981,397769.7
4982,397452.7
4983,418506.62
4984,518468.3
4985,336416.6
4986,475415.75
4987,1176485.0
4988,1087985.6
4989,516700.2
4990,648819.7
4991,339026.06
4992,222416.84
4993,311034.75
4994,334342.12
4995,586454.9
4996,364023.84
4997,448344.3
4998,466924.3
4999,350648.97
5000,302960.44
5001,524588.9
5002,318980.3
5003,469381.66
5004,448349.44
5005,234196.1
5006,474521.62
5007,353377.6
5008,316427.38
5009,345531.5
5010,676694.3
5011,492712.53
5012,499625.62
5013,375089.56
5014,407787.03
5015,332336.2
5016,412567.94
5017,496343.97
5018,424947.2
5019,251988.17
5020,307533.06
5021,510252.03
5022,493778.44
5023,341610.8
5024,217641.56
5025,526113.94
5026,394891.84
5027,360425.72
5028,234851.42
5029,412026.9
5030,207435.47
5031,409334.66
5032,658726.75
5033,277273.8
5034,447569.38
5035,437647.78
5036,410379.84
5037,508221.06
5038,587822.25
5039,3224294.8
5040,346116.56
5041,402788.72
5042,252729.44
5043,309205.8
5044,339423.97
5045,1048947.1
5046,518667.1
5047,282256.03
5048,319196.97
5049,382308.16
5050,444346.47
5051,386578.66
5052,235231.36
5053,318480.6
5054,288392.34
5055,407064.34
5056,450875.84
5057,426450.12
5058,398704.75
5059,402759.53
5060,323228.28
5061,227054.25
5062,354285.3
5063,290156.84
5064,381846.12
5065,374814.94
5066,380143.47
5067,461701.03
5068,516814.53
5069,356369.34
5070,1208282.2
5071,402060.28
5072,435760.3
5073,738371.1
5074,388784.4
5075,316461.75
5076,433871.06
5077,575515.6
5078,321992.06
5079,202367.95
5080,433927.34
5081,446525.7
5082,287448.34
5083,377872.12
5084,330540.8
5085,328475.62
5086,2876446.2
5087,497848.66
5088,497704.34
5089,299606.22
5090,254980.92
5091,475035.06
5092,314687.94
5093,648347.1
5094,517113.3
5095,307547.12
5096,517560.28
5097,536565.3
5098,405385.3
5099,542669.7
5100,681354.2
5101,367246.5
5102,561427.25
5103,652503.1
5104,459009.78
5105,546351.44
5106,387143.88
5107,427579.78
5108,382787.53
5109,937683.9
5110,844766.1
5111,520443.94
5112,457065.06
5113,361013.28
5114,246615.16
5115,522807.84
5116,670765.1
5117,497975.94
5118,600117.25
5119,357889.72
5120,569469.56
5121,499848.7
5122,1124011.0
5123,279185.34
5124,1041000.5
5125,394754.03
5126,251057.95
5127,493020.88
5128,588524.56
5129,379066.8
5130,685696.9
5131,259150.47
5132,326422.7
5133,386892.9
5134,315403.0
5135,668254.56
5136,405998.16
5137,615491.06
5138,742839.1
5139,352784.97
5140,443580.12
5141,382685.3
5142,610538.2
5143,243888.94
5144,429979.3
5145,522782.94
5146,349837.3
5147,296430.44
5148,202802.47
5149,414477.47
5150,446755.72
5151,1680227.2
5152,346031.4
5153,12168759.0
5154,660017.06
5155,376049.47
5156,224388.86
5157,775202.4
5158,246941.34
5159,619314.75
5160,434062.28
5161,374561.97
5162,382559.8
5163,335468.28
5164,637499.7
5165,224773.53
5166,916679.0
5167,596961.8
5168,532442.56
5169,381766.0
5170,475317.84
5171,332561.28
5172,589641.4
5173,268892.2
5174,532354.2
5175,321928.22
5176,278051.8
5177,248885.27
5178,582064.2
5179,345931.1
5180,361492.16
5181,333581.56
5182,558272.9
5183,367039.9
5184,332036.5
5185,225280.42
5186,388160.53
5187,418425.22
5188,373219.1
5189,249467.94
5190,264847.62
5191,220384.38
5192,375715.38
5193,316037.72
5194,362699.4
5195,408757.3
5196,469060.34
5197,572252.6
5198,590642.06
5199,435297.62
5200,597255.7
5201,370713.97
5202,487119.0
5203,727979.6
5204,387723.22
5205,332582.22
5206,510691.16
5207,450144.6
5208,502176.53
5209,288633.94
5210,477546.94
5211,349738.56
5212,1895088.8
5213,645766.5
5214,535542.9
5215,492240.03
5216,469619.84
5217,404763.34
5218,364269.72
5219,343425.7
5220,341437.53
5221,787997.5
5222,351409.56
5223,275267.75
5224,473100.06
5225,414352.6
5226,460141.44
5227,281058.03
5228,473444.88
5229,678675.8
5230,430549.66
5231,410369.7
5232,375542.0
5233,424653.06
5234,381717.22
5235,529114.9
5236,548740.94
5237,457763.03
5238,249271.03
5239,330407.2
5240,261326.03
5241,473009.8
5242,721716.75
5243,305456.6
5244,1439731.5
5245,395318.38
5246,504785.72
5247,381971.4
5248,219666.75
5249,389061.84
5250,311676.72
5251,350855.7
5252,344235.6
5253,426322.44
5254,614837.5
5255,291289.7
5256,529656.06
5257,613864.94
5258,369547.72
5259,300629.12
5260,305979.62
5261,385836.12
5262,306358.62
5263,704025.3
5264,325374.03
5265,322670.2
5266,444903.62
5267,503887.25
5268,573116.6
5269,695679.8
5270,360955.47
5271,703645.4
5272,270093.94
5273,429475.22
5274,356090.75
5275,295997.66
5276,298922.38
5277,515199.44
5278,404640.62
5279,268190.47
5280,520588.88
5281,1023603.2
5282,252791.14
5283,436256.78
5284,476226.22
5285,302586.78
5286,549060.25
5287,436693.03
5288,346351.66
5289,315348.88
5290,699145.0
5291,379736.94
5292,468622.16
5293,1907509.2
5294,346946.06
5295,241594.81
5296,670568.1
5297,469139.97
5298,423650.72
5299,259548.19
5300,464805.94
5301,242281.02
5302,512904.16
5303,429102.66
5304,276569.75
5305,547661.9
5306,591671.5
5307,272330.22
5308,458581.88
5309,499843.9
5310,355414.25
5311,392446.28
5312,483546.75
5313,518319.0
5314,336686.84
5315,563866.56
5316,525332.8
5317,334889.72
5318,298560.56
5319,376015.03
5320,889808.7
5321,393282.53
5322,317416.9
5323,530356.6
5324,515439.28
5325,405220.66
5326,394929.5
5327,374243.47
5328,530565.06
5329,468568.53
5330,385178.78
5331,222914.6
5332,322001.9
5333,386754.2
5334,412026.9
5335,452386.78
5336,624475.75
5337,472505.75
5338,308807.97
5339,581235.5
5340,430936.62
5341,447132.5
5342,376593.53
5343,795449.75
5344,492345.2
5345,267702.38
5346,307921.6
5347,278136.7
5348,325350.47
5349,374407.66
5350,747243.0
5351,232945.56
5352,448201.53
5353,354791.12
5354,242086.08
5355,322797.0
5356,498999.94
5357,508677.84
5358,637621.3
5359,335953.66
5360,361129.7
5361,509208.84
5362,347095.66
5363,393000.6
5364,421928.22
5365,374101.44
5366,5783525.5
5367,2584402.0
5368,375812.84
5369,325260.5
5370,342020.88
5371,563989.2
5372,350479.8
5373,392742.06
5374,741901.8
5375,383795.7
5376,277309.25
5377,257150.4
5378,957702.1
5379,315893.7
5380,3670550.0
5381,344650.16
5382,2391759.0
5383,315656.38
5384,572119.5
5385,451516.12
5386,284273.44
5387,311927.1
5388,386168.2
5389,466150.12
5390,332744.66
5391,358579.8
5392,326815.78
5393,372088.97
5394,404605.88
5395,636882.3
5396,378080.47
5397,453462.3
5398,488496.97
5399,583075.4
5400,490196.6
5401,397314.75
5402,1043421.75
5403,394376.97
